Unhandled exception on handler
Traceback (most recent call last):
  File "/usr/local/python3/lib/python3.8/site-packages/telethon/client/updates.py", line 570, in _dispatch_update
    await callback(event)
  File "binance_announce_channel.py", line 81, in handler
    if clean_url:
NameError: name 'clean_url' is not defined
Unhandled exception on handler
Traceback (most recent call last):
  File "/usr/local/python3/lib/python3.8/site-packages/telethon/client/updates.py", line 570, in _dispatch_update
    await callback(event)
  File "binance_announce_channel.py", line 81, in handler
    if clean_url:
NameError: name 'clean_url' is not defined
Unhandled exception on handler
Traceback (most recent call last):
  File "/usr/local/python3/lib/python3.8/site-packages/telethon/client/updates.py", line 570, in _dispatch_update
    await callback(event)
  File "binance_announce_channel.py", line 81, in handler
    if clean_url:
NameError: name 'clean_url' is not defined
Unhandled exception on handler
Traceback (most recent call last):
  File "/usr/local/python3/lib/python3.8/site-packages/telethon/client/updates.py", line 570, in _dispatch_update
    await callback(event)
  File "binance_announce_channel.py", line 81, in handler
    if clean_url:
NameError: name 'clean_url' is not defined
Unhandled exception on handler
Traceback (most recent call last):
  File "/usr/local/python3/lib/python3.8/site-packages/telethon/client/updates.py", line 570, in _dispatch_update
    await callback(event)
  File "binance_announce_channel.py", line 81, in handler
    if clean_url:
NameError: name 'clean_url' is not defined
Unhandled exception on handler
Traceback (most recent call last):
  File "/usr/local/python3/lib/python3.8/site-packages/telethon/client/updates.py", line 570, in _dispatch_update
    await callback(event)
  File "binance_announce_channel.py", line 81, in handler
    if clean_url:
NameError: name 'clean_url' is not defined
Unhandled exception on handler
Traceback (most recent call last):
  File "/usr/local/python3/lib/python3.8/site-packages/telethon/client/updates.py", line 570, in _dispatch_update
    await callback(event)
  File "binance_announce_channel.py", line 81, in handler
    if clean_url:
NameError: name 'clean_url' is not defined
Unhandled exception on handler
Traceback (most recent call last):
  File "/usr/local/python3/lib/python3.8/site-packages/telethon/client/updates.py", line 570, in _dispatch_update
    await callback(event)
  File "binance_announce_channel.py", line 81, in handler
    if clean_url:
NameError: name 'clean_url' is not defined
Unhandled exception on handler
Traceback (most recent call last):
  File "/usr/local/python3/lib/python3.8/site-packages/telethon/client/updates.py", line 570, in _dispatch_update
    await callback(event)
  File "binance_announce_channel.py", line 81, in handler
    if clean_url:
NameError: name 'clean_url' is not defined
Unhandled exception on handler
Traceback (most recent call last):
  File "/usr/local/python3/lib/python3.8/site-packages/telethon/client/updates.py", line 570, in _dispatch_update
    await callback(event)
  File "binance_announce_channel.py", line 81, in handler
    if clean_url:
NameError: name 'clean_url' is not defined
Unhandled exception on handler
Traceback (most recent call last):
  File "/usr/local/python3/lib/python3.8/site-packages/telethon/client/updates.py", line 570, in _dispatch_update
    await callback(event)
  File "binance_announce_channel.py", line 81, in handler
    if clean_url:
NameError: name 'clean_url' is not defined
Unhandled exception on handler
Traceback (most recent call last):
  File "/usr/local/python3/lib/python3.8/site-packages/telethon/client/updates.py", line 570, in _dispatch_update
    await callback(event)
  File "binance_announce_channel.py", line 81, in handler
    if clean_url:
NameError: name 'clean_url' is not defined
Unhandled exception on handler
Traceback (most recent call last):
  File "/usr/local/python3/lib/python3.8/site-packages/telethon/client/updates.py", line 570, in _dispatch_update
    await callback(event)
  File "binance_announce_channel.py", line 81, in handler
    if clean_url:
NameError: name 'clean_url' is not defined
Unhandled exception on handler
Traceback (most recent call last):
  File "/usr/local/python3/lib/python3.8/site-packages/telethon/client/updates.py", line 570, in _dispatch_update
    await callback(event)
  File "binance_announce_channel.py", line 81, in handler
    if clean_url:
NameError: name 'clean_url' is not defined
Unhandled exception on handler
Traceback (most recent call last):
  File "/usr/local/python3/lib/python3.8/site-packages/telethon/client/updates.py", line 570, in _dispatch_update
    await callback(event)
  File "binance_announce_channel.py", line 81, in handler
    if clean_url:
NameError: name 'clean_url' is not defined
Unhandled exception on handler
Traceback (most recent call last):
  File "/usr/local/python3/lib/python3.8/site-packages/telethon/client/updates.py", line 570, in _dispatch_update
    await callback(event)
  File "binance_announce_channel.py", line 81, in handler
    if clean_url:
NameError: name 'clean_url' is not defined
Unhandled exception on handler
Traceback (most recent call last):
  File "/usr/local/python3/lib/python3.8/site-packages/telethon/client/updates.py", line 570, in _dispatch_update
    await callback(event)
  File "binance_announce_channel.py", line 81, in handler
    if clean_url:
NameError: name 'clean_url' is not defined
Unhandled exception on handler
Traceback (most recent call last):
  File "/usr/local/python3/lib/python3.8/site-packages/telethon/client/updates.py", line 570, in _dispatch_update
    await callback(event)
  File "binance_announce_channel.py", line 81, in handler
    if clean_url:
NameError: name 'clean_url' is not defined
Unhandled exception on handler
Traceback (most recent call last):
  File "/usr/local/python3/lib/python3.8/site-packages/telethon/client/updates.py", line 570, in _dispatch_update
    await callback(event)
  File "binance_announce_channel.py", line 81, in handler
    if clean_url:
NameError: name 'clean_url' is not defined
Unhandled exception on handler
Traceback (most recent call last):
  File "/usr/local/python3/lib/python3.8/site-packages/telethon/client/updates.py", line 570, in _dispatch_update
    await callback(event)
  File "binance_announce_channel.py", line 81, in handler
    if clean_url:
NameError: name 'clean_url' is not defined
Unhandled exception on handler
Traceback (most recent call last):
  File "/usr/local/python3/lib/python3.8/site-packages/telethon/client/updates.py", line 570, in _dispatch_update
    await callback(event)
  File "binance_announce_channel.py", line 81, in handler
    if clean_url:
NameError: name 'clean_url' is not defined
Unhandled exception on handler
Traceback (most recent call last):
  File "/usr/local/python3/lib/python3.8/site-packages/telethon/client/updates.py", line 570, in _dispatch_update
    await callback(event)
  File "binance_announce_channel.py", line 81, in handler
    if clean_url:
NameError: name 'clean_url' is not defined
Unhandled exception on handler
Traceback (most recent call last):
  File "/usr/local/python3/lib/python3.8/site-packages/telethon/client/updates.py", line 570, in _dispatch_update
    await callback(event)
  File "binance_announce_channel.py", line 81, in handler
    if clean_url:
NameError: name 'clean_url' is not defined
Unhandled exception on handler
Traceback (most recent call last):
  File "/usr/local/python3/lib/python3.8/site-packages/telethon/client/updates.py", line 570, in _dispatch_update
    await callback(event)
  File "binance_announce_channel.py", line 81, in handler
    if clean_url:
NameError: name 'clean_url' is not defined
Unhandled exception on handler
Traceback (most recent call last):
  File "/usr/local/python3/lib/python3.8/site-packages/telethon/client/updates.py", line 570, in _dispatch_update
    await callback(event)
  File "binance_announce_channel.py", line 81, in handler
    if clean_url:
NameError: name 'clean_url' is not defined
Unhandled exception on handler
Traceback (most recent call last):
  File "/usr/local/python3/lib/python3.8/site-packages/telethon/client/updates.py", line 570, in _dispatch_update
    await callback(event)
  File "binance_announce_channel.py", line 81, in handler
    if clean_url:
NameError: name 'clean_url' is not defined
Unhandled exception on handler
Traceback (most recent call last):
  File "/usr/local/python3/lib/python3.8/site-packages/telethon/client/updates.py", line 570, in _dispatch_update
    await callback(event)
  File "binance_announce_channel.py", line 81, in handler
    if clean_url:
NameError: name 'clean_url' is not defined
Unhandled exception on handler
Traceback (most recent call last):
  File "/usr/local/python3/lib/python3.8/site-packages/telethon/client/updates.py", line 570, in _dispatch_update
    await callback(event)
  File "binance_announce_channel.py", line 81, in handler
    if clean_url:
NameError: name 'clean_url' is not defined
Unhandled exception on handler
Traceback (most recent call last):
  File "/usr/local/python3/lib/python3.8/site-packages/telethon/client/updates.py", line 570, in _dispatch_update
    await callback(event)
  File "binance_announce_channel.py", line 81, in handler
    if clean_url:
NameError: name 'clean_url' is not defined
Unhandled exception on handler
Traceback (most recent call last):
  File "/usr/local/python3/lib/python3.8/site-packages/telethon/client/updates.py", line 570, in _dispatch_update
    await callback(event)
  File "binance_announce_channel.py", line 81, in handler
    if clean_url:
NameError: name 'clean_url' is not defined
Unhandled exception on handler
Traceback (most recent call last):
  File "/usr/local/python3/lib/python3.8/site-packages/telethon/client/updates.py", line 570, in _dispatch_update
    await callback(event)
  File "binance_announce_channel.py", line 81, in handler
    if clean_url:
NameError: name 'clean_url' is not defined
Unhandled exception on handler
Traceback (most recent call last):
  File "/usr/local/python3/lib/python3.8/site-packages/telethon/client/updates.py", line 570, in _dispatch_update
    await callback(event)
  File "binance_announce_channel.py", line 81, in handler
    if clean_url:
NameError: name 'clean_url' is not defined
Unhandled exception on handler
Traceback (most recent call last):
  File "/usr/local/python3/lib/python3.8/site-packages/telethon/client/updates.py", line 570, in _dispatch_update
    await callback(event)
  File "binance_announce_channel.py", line 81, in handler
    if clean_url:
NameError: name 'clean_url' is not defined
Unhandled exception on handler
Traceback (most recent call last):
  File "/usr/local/python3/lib/python3.8/site-packages/telethon/client/updates.py", line 570, in _dispatch_update
    await callback(event)
  File "binance_announce_channel.py", line 81, in handler
    if clean_url:
NameError: name 'clean_url' is not defined
Unhandled exception on handler
Traceback (most recent call last):
  File "/usr/local/python3/lib/python3.8/site-packages/telethon/client/updates.py", line 570, in _dispatch_update
    await callback(event)
  File "binance_announce_channel.py", line 81, in handler
    if clean_url:
NameError: name 'clean_url' is not defined
Unhandled exception on handler
Traceback (most recent call last):
  File "/usr/local/python3/lib/python3.8/site-packages/telethon/client/updates.py", line 570, in _dispatch_update
    await callback(event)
  File "binance_announce_channel.py", line 81, in handler
    if clean_url:
NameError: name 'clean_url' is not defined
Unhandled exception on handler
Traceback (most recent call last):
  File "/usr/local/python3/lib/python3.8/site-packages/telethon/client/updates.py", line 570, in _dispatch_update
    await callback(event)
  File "binance_announce_channel.py", line 81, in handler
    if clean_url:
NameError: name 'clean_url' is not defined
Unhandled exception on handler
Traceback (most recent call last):
  File "/usr/local/python3/lib/python3.8/site-packages/telethon/client/updates.py", line 570, in _dispatch_update
    await callback(event)
  File "binance_announce_channel.py", line 81, in handler
    if clean_url:
NameError: name 'clean_url' is not defined
Unhandled exception on handler
Traceback (most recent call last):
  File "/usr/local/python3/lib/python3.8/site-packages/telethon/client/updates.py", line 570, in _dispatch_update
    await callback(event)
  File "binance_announce_channel.py", line 81, in handler
    if clean_url:
NameError: name 'clean_url' is not defined
Unhandled exception on handler
Traceback (most recent call last):
  File "/usr/local/python3/lib/python3.8/site-packages/telethon/client/updates.py", line 570, in _dispatch_update
    await callback(event)
  File "binance_announce_channel.py", line 81, in handler
    if clean_url:
NameError: name 'clean_url' is not defined
Unhandled exception on handler
Traceback (most recent call last):
  File "/usr/local/python3/lib/python3.8/site-packages/telethon/client/updates.py", line 570, in _dispatch_update
    await callback(event)
  File "binance_announce_channel.py", line 81, in handler
    if clean_url:
NameError: name 'clean_url' is not defined
Unhandled exception on handler
Traceback (most recent call last):
  File "/usr/local/python3/lib/python3.8/site-packages/telethon/client/updates.py", line 570, in _dispatch_update
    await callback(event)
  File "binance_announce_channel.py", line 81, in handler
    if clean_url:
NameError: name 'clean_url' is not defined
提取到的链接： ['https://www.binance.com/en/support/announcement/detail/7646ae0b36684102a4b1eed774e78f1c?utm_source=AnnouncementTG&utm_medium=GlobalCommunity&utm_campaign=AnnouncementBot']
提取到的链接： ['https://www.binance.com/en/support/announcement/detail/bf9594f9034a40369399e1dacb324f15?utm_source=AnnouncementTG&utm_medium=GlobalCommunity&utm_campaign=AnnouncementBot']
提取到的链接： ['https://www.binance.com/en/support/announcement/detail/5ecb83d2b58d4a03b632f2af3604dbc5?utm_source=AnnouncementTG&utm_medium=GlobalCommunity&utm_campaign=AnnouncementBot']
提取到的链接： ['https://www.binance.com/en/support/announcement/detail/27b66df1e82a4e6aa60e57743851845b?utm_source=AnnouncementTG&utm_medium=GlobalCommunity&utm_campaign=AnnouncementBot']
提取到的链接： ['https://www.binance.com/en/support/announcement/detail/e757e61805174c35b21c5c9c84ee9384?utm_source=AnnouncementTG&utm_medium=GlobalCommunity&utm_campaign=AnnouncementBot']
提取到的链接： ['https://www.binance.com/en/support/announcement/366ed788034d439fb59be294a59126ab?utm_source=AnnouncementTG&utm_medium=GlobalCommunity&utm_campaign=AnnouncementBot']
提取到的链接： ['https://www.binance.com/en/support/announcement/detail/397345ed2e9a4179a6fcd5e9d7003902?utm_source=AnnouncementTG&utm_medium=GlobalCommunity&utm_campaign=AnnouncementBot']
提取到的链接： ['https://www.binance.com/en/support/announcement/detail/6ad26c76afdf43ba8bee6ea6eeb80cef?utm_source=AnnouncementTG&utm_medium=GlobalCommunity&utm_campaign=AnnouncementBot']
提取到的链接： ['https://www.binance.com/en/support/announcement/detail/aebac85d4dd3470c9cd52df6f98d0811?utm_source=AnnouncementTG&utm_medium=GlobalCommunity&utm_campaign=AnnouncementBot']
提取到的链接： ['https://www.binance.com/en/support/announcement/detail/3354ae9d5f4b4c3fa50bae4d763e8f1e?utm_source=AnnouncementTG&utm_medium=GlobalCommunity&utm_campaign=AnnouncementBot']
提取到的链接： ['https://www.binance.com/en/support/announcement/detail/03fa3de4001a4279b6027306f930fb8c?utm_source=AnnouncementTG&utm_medium=GlobalCommunity&utm_campaign=AnnouncementBot']
提取到的链接： ['https://www.binance.com/en/support/announcement/detail/1088bbfe17624e57a4c3bf30c8929862?utm_source=AnnouncementTG&utm_medium=GlobalCommunity&utm_campaign=AnnouncementBot']
提取到的链接： ['https://www.binance.com/en/support/announcement/detail/45cde378e46645f6825b972d0ac946f7?utm_source=AnnouncementTG&utm_medium=GlobalCommunity&utm_campaign=AnnouncementBot']
提取到的链接： ['https://www.binance.com/en/support/announcement/detail/29deed7042934a3aa7a8d83809e57c34?utm_source=AnnouncementTG&utm_medium=GlobalCommunity&utm_campaign=AnnouncementBot']
提取到的链接： ['https://www.binance.com/en/support/announcement/detail/cd4dad63e5074ce1b5cea628ccc34b2c?utm_source=AnnouncementTG&utm_medium=GlobalCommunity&utm_campaign=AnnouncementBot']
提取到的链接： ['https://www.binance.com/en/support/announcement/detail/b600c21f364a43fb9647f64797e8cb0f?utm_source=AnnouncementTG&utm_medium=GlobalCommunity&utm_campaign=AnnouncementBot']
提取到的链接： ['https://www.binance.com/en/support/announcement/detail/a15e3c4aecbb4735b481a69c91a2a888']
提取到的链接： ['https://www.binance.com/en/support/announcement/detail/13d0a79f79ef4406963dcd7f9d1de325?utm_source=AnnouncementTG&utm_medium=GlobalCommunity&utm_campaign=AnnouncementBot']
提取到的链接： ['https://www.binance.com/en/support/announcement/detail/8016ecf6b82e4fb98d77642e5741ff4c?utm_source=AnnouncementTG&utm_medium=GlobalCommunity&utm_campaign=AnnouncementBot']
提取到的链接： ['https://www.binance.com/en/support/announcement/detail/0bb3a75e5f724419a91cad5f7b6c5e6d?utm_source=AnnouncementTG&utm_medium=GlobalCommunity&utm_campaign=AnnouncementBot']
提取到的链接： ['https://www.binance.com/en/support/announcement/detail/38fa944df3884e169d0f9592884381b9?utm_source=AnnouncementTG&utm_medium=GlobalCommunity&utm_campaign=AnnouncementBot']
提取到的链接： ['https://www.binance.com/en/support/announcement/detail/24efca25444641d78a7edfc90653c1f8?utm_source=AnnouncementTG&utm_medium=GlobalCommunity&utm_campaign=AnnouncementBot']
提取到的链接： ['https://www.binance.com/en/support/announcement/detail/2222792e028a484e814dd768ce423ac4?utm_source=AnnouncementTG&utm_medium=GlobalCommunity&utm_campaign=AnnouncementBot']
提取到的链接： ['**Moh', 'are **', '8,000', '8,000', ' ', ' to take part:\n\nhttps://x.com/binance/status/196', '17915026821202\n\n']
提取到的链接： ['https://www.binance.com/en/support/announcement/detail/6bca91b1c0514e25bfb6332a03ed9918?utm_source=AnnouncementTG&utm_medium=GlobalCommunity&utm_campaign=AnnouncementBot']
提取到的链接： ['https://www.binance.com/en/support/announcement/detail/3945e4ebaca54d9ab2ef889e899fd753?utm_source=AnnouncementTG&utm_medium=GlobalCommunity&utm_campaign=AnnouncementBot']
提取到的链接： ['https://www.binance.com/en/support/announcement/detail/b532be48f1474ee5b3737a732b9bc12e?utm_source=AnnouncementTG&utm_medium=GlobalCommunity&utm_campaign=AnnouncementBot']
提取到的链接： ['Pump.fun', 'https://www.binance.com/en/support/announcement/detail/94ab969a74a8480799d03934b4720411?utm_source=AnnouncementTG&utm_medium=GlobalCommunity&utm_campaign=AnnouncementBot']
提取到的链接： ['Pump.fun', 'https://www.binance.com/en/support/announcement/detail/7f11daa69d024c2d94ae66c4455521a3?utm_source=AnnouncementTG&utm_medium=GlobalCommunity&utm_campaign=AnnouncementBot']
提取到的链接： ['https://www.binance.com/en/support/announcement/detail/71a1d6aebd9841579318ab055b85f559?utm_source=AnnouncementTG&utm_medium=GlobalCommunity&utm_campaign=AnnouncementBot']
提取到的链接： ['https://www.binance.com/en/support/announcement/detail/cac3f3c3402a4189bd32f2e6480ea002?utm_source=AnnouncementTG&utm_medium=GlobalCommunity&utm_campaign=AnnouncementBot']
提取到的链接： ['https://www.binance.com/en/support/announcement/detail/cc9e66e9dddb4e46bcfbdc494a2fd702?utm_source=AnnouncementTG&utm_medium=GlobalCommunity&utm_campaign=AnnouncementBot']
提取到的链接： ['Pump.fun', 'https://www.binance.com/en/support/announcement/detail/fe72adde07994d1e9c61484536ffae47?utm_source=AnnouncementTG&utm_medium=GlobalCommunity&utm_campaign=AnnouncementBot']
提取到的链接： ['https://www.binance.com/en/support/announcement/51d8b9b9675a4bbdb5f963a09accd9e6?utm_source=AnnouncementTG&utm_medium=GlobalCommunity&utm_campaign=AnnouncementBot']
提取到的链接： []
提取到的链接： ['https://www.binance.com/en/support/announcement/detail/f13b6082b2944cf8ac27e3fc640267ce?utm_source=AnnouncementTG&utm_medium=GlobalCommunity&utm_campaign=AnnouncementBot']
提取到的链接： ['https://www.binance.com/en/support/announcement/detail/1b7dc7143a6641349f9d8239ae42c6a2?utm_source=AnnouncementTG&utm_medium=GlobalCommunity&utm_campaign=AnnouncementBot']
提取到的链接： ['https://www.binance.com/en/support/announcement/detail/50ff03bc1d94471181887c43b930d3f0?utm_source=AnnouncementTG&utm_medium=GlobalCommunity&utm_campaign=AnnouncementBot']
提取到的链接： ['https://www.binance.com/en/support/announcement/detail/be52e966d246456396d37ede914ea8ec?utm_source=AnnouncementTG&utm_medium=GlobalCommunity&utm_campaign=AnnouncementBot']
提取到的链接： ['https://www.binance.com/en/support/announcement/detail/797ad35320a44f7db4be836a5cad3d7e?utm_source=AnnouncementTG&utm_medium=GlobalCommunity&utm_campaign=AnnouncementBot']
提取到的链接： ['https://www.binance.com/en/support/announcement/detail/828aa04b0af34058a86545394bb27f28?utm_source=AnnouncementTG&utm_medium=GlobalCommunity&utm_campaign=AnnouncementBot']
提取到的链接： ['https://www.binance.com/en/support/announcement/detail/24d548668267458aa67f1f451bb1cbd3?utm_source=AnnouncementTG&utm_medium=GlobalCommunity&utm_campaign=AnnouncementBot']
提取到的链接： ['https://www.binance.com/en/support/announcement/detail/333bedbf84354c0ca0f978d3c2ea6e06?utm_source=AnnouncementTG&utm_medium=GlobalCommunity&utm_campaign=AnnouncementBot']
提取到的链接： ['https://www.binance.com/en/support/announcement/detail/9392fb82cd584776aa673b8272da0d54?utm_source=AnnouncementTG&utm_medium=GlobalCommunity&utm_campaign=AnnouncementBot']Unhandled exception on handler
Traceback (most recent call last):
  File "/usr/local/python3/lib/python3.8/site-packages/telethon/client/updates.py", line 570, in _dispatch_update
    await callback(event)
  File "binance_announce_channel.py", line 81, in handler
    if clean_url:
NameError: name 'clean_url' is not defined
Unhandled exception on handler
Traceback (most recent call last):
  File "/usr/local/python3/lib/python3.8/site-packages/telethon/client/updates.py", line 570, in _dispatch_update
    await callback(event)
  File "binance_announce_channel.py", line 81, in handler
    if clean_url:
NameError: name 'clean_url' is not defined
Unhandled exception on handler
Traceback (most recent call last):
  File "/usr/local/python3/lib/python3.8/site-packages/telethon/client/updates.py", line 570, in _dispatch_update
    await callback(event)
  File "binance_announce_channel.py", line 81, in handler
    if clean_url:
NameError: name 'clean_url' is not defined
Unhandled exception on handler
Traceback (most recent call last):
  File "/usr/local/python3/lib/python3.8/site-packages/telethon/client/updates.py", line 570, in _dispatch_update
    await callback(event)
  File "binance_announce_channel.py", line 81, in handler
    if clean_url:
NameError: name 'clean_url' is not defined
Unhandled exception on handler
Traceback (most recent call last):
  File "/usr/local/python3/lib/python3.8/site-packages/telethon/client/updates.py", line 570, in _dispatch_update
    await callback(event)
  File "binance_announce_channel.py", line 81, in handler
    if clean_url:
NameError: name 'clean_url' is not defined
Unhandled exception on handler
Traceback (most recent call last):
  File "/usr/local/python3/lib/python3.8/site-packages/telethon/client/updates.py", line 570, in _dispatch_update
    await callback(event)
  File "binance_announce_channel.py", line 81, in handler
    if clean_url:
NameError: name 'clean_url' is not defined
Unhandled exception on handler
Traceback (most recent call last):
  File "/usr/local/python3/lib/python3.8/site-packages/telethon/client/updates.py", line 570, in _dispatch_update
    await callback(event)
  File "binance_announce_channel.py", line 81, in handler
    if clean_url:
NameError: name 'clean_url' is not defined
Unhandled exception on handler
Traceback (most recent call last):
  File "/usr/local/python3/lib/python3.8/site-packages/telethon/client/updates.py", line 570, in _dispatch_update
    await callback(event)
  File "binance_announce_channel.py", line 81, in handler
    if clean_url:
NameError: name 'clean_url' is not defined
Unhandled exception on handler
Traceback (most recent call last):
  File "/usr/local/python3/lib/python3.8/site-packages/telethon/client/updates.py", line 570, in _dispatch_update
    await callback(event)
  File "binance_announce_channel.py", line 81, in handler
    if clean_url:
NameError: name 'clean_url' is not defined
Unhandled exception on handler
Traceback (most recent call last):
  File "/usr/local/python3/lib/python3.8/site-packages/telethon/client/updates.py", line 570, in _dispatch_update
    await callback(event)
  File "binance_announce_channel.py", line 81, in handler
    if clean_url:
NameError: name 'clean_url' is not defined
Unhandled exception on handler
Traceback (most recent call last):
  File "/usr/local/python3/lib/python3.8/site-packages/telethon/client/updates.py", line 570, in _dispatch_update
    await callback(event)
  File "binance_announce_channel.py", line 81, in handler
    if clean_url:
NameError: name 'clean_url' is not defined
Unhandled exception on handler
Traceback (most recent call last):
  File "/usr/local/python3/lib/python3.8/site-packages/telethon/client/updates.py", line 570, in _dispatch_update
    await callback(event)
  File "binance_announce_channel.py", line 81, in handler
    if clean_url:
NameError: name 'clean_url' is not defined
Unhandled exception on handler
Traceback (most recent call last):
  File "/usr/local/python3/lib/python3.8/site-packages/telethon/client/updates.py", line 570, in _dispatch_update
    await callback(event)
  File "binance_announce_channel.py", line 81, in handler
    if clean_url:
NameError: name 'clean_url' is not defined
Unhandled exception on handler
Traceback (most recent call last):
  File "/usr/local/python3/lib/python3.8/site-packages/telethon/client/updates.py", line 570, in _dispatch_update
    await callback(event)
  File "binance_announce_channel.py", line 81, in handler
    if clean_url:
NameError: name 'clean_url' is not defined
Unhandled exception on handler
Traceback (most recent call last):
  File "/usr/local/python3/lib/python3.8/site-packages/telethon/client/updates.py", line 570, in _dispatch_update
    await callback(event)
  File "binance_announce_channel.py", line 81, in handler
    if clean_url:
NameError: name 'clean_url' is not defined
Unhandled exception on handler
Traceback (most recent call last):
  File "/usr/local/python3/lib/python3.8/site-packages/telethon/client/updates.py", line 570, in _dispatch_update
    await callback(event)
  File "binance_announce_channel.py", line 81, in handler
    if clean_url:
NameError: name 'clean_url' is not defined
Unhandled exception on handler
Traceback (most recent call last):
  File "/usr/local/python3/lib/python3.8/site-packages/telethon/client/updates.py", line 570, in _dispatch_update
    await callback(event)
  File "binance_announce_channel.py", line 81, in handler
    if clean_url:
NameError: name 'clean_url' is not defined
Unhandled exception on handler
Traceback (most recent call last):
  File "/usr/local/python3/lib/python3.8/site-packages/telethon/client/updates.py", line 570, in _dispatch_update
    await callback(event)
  File "binance_announce_channel.py", line 81, in handler
    if clean_url:
NameError: name 'clean_url' is not defined
Unhandled exception on handler
Traceback (most recent call last):
  File "/usr/local/python3/lib/python3.8/site-packages/telethon/client/updates.py", line 570, in _dispatch_update
    await callback(event)
  File "binance_announce_channel.py", line 81, in handler
    if clean_url:
NameError: name 'clean_url' is not defined
Unhandled exception on handler
Traceback (most recent call last):
  File "/usr/local/python3/lib/python3.8/site-packages/telethon/client/updates.py", line 570, in _dispatch_update
    await callback(event)
  File "binance_announce_channel.py", line 81, in handler
    if clean_url:
NameError: name 'clean_url' is not defined
Unhandled exception on handler
Traceback (most recent call last):
  File "/usr/local/python3/lib/python3.8/site-packages/telethon/client/updates.py", line 570, in _dispatch_update
    await callback(event)
  File "binance_announce_channel.py", line 81, in handler
    if clean_url:
NameError: name 'clean_url' is not defined
Unhandled exception on handler
Traceback (most recent call last):
  File "/usr/local/python3/lib/python3.8/site-packages/telethon/client/updates.py", line 570, in _dispatch_update
    await callback(event)
  File "binance_announce_channel.py", line 81, in handler
    if clean_url:
NameError: name 'clean_url' is not defined
Unhandled exception on handler
Traceback (most recent call last):
  File "/usr/local/python3/lib/python3.8/site-packages/telethon/client/updates.py", line 570, in _dispatch_update
    await callback(event)
  File "binance_announce_channel.py", line 81, in handler
    if clean_url:
NameError: name 'clean_url' is not defined
Unhandled exception on handler
Traceback (most recent call last):
  File "/usr/local/python3/lib/python3.8/site-packages/telethon/client/updates.py", line 570, in _dispatch_update
    await callback(event)
  File "binance_announce_channel.py", line 81, in handler
    if clean_url:
NameError: name 'clean_url' is not defined
Unhandled exception on handler
Traceback (most recent call last):
  File "/usr/local/python3/lib/python3.8/site-packages/telethon/client/updates.py", line 570, in _dispatch_update
    await callback(event)
  File "binance_announce_channel.py", line 81, in handler
    if clean_url:
NameError: name 'clean_url' is not defined
Unhandled exception on handler
Traceback (most recent call last):
  File "/usr/local/python3/lib/python3.8/site-packages/telethon/client/updates.py", line 570, in _dispatch_update
    await callback(event)
  File "binance_announce_channel.py", line 81, in handler
    if clean_url:
NameError: name 'clean_url' is not defined
Unhandled exception on handler
Traceback (most recent call last):
  File "/usr/local/python3/lib/python3.8/site-packages/telethon/client/updates.py", line 570, in _dispatch_update
    await callback(event)
  File "binance_announce_channel.py", line 81, in handler
    if clean_url:
NameError: name 'clean_url' is not defined
Unhandled exception on handler
Traceback (most recent call last):
  File "/usr/local/python3/lib/python3.8/site-packages/telethon/client/updates.py", line 570, in _dispatch_update
    await callback(event)
  File "binance_announce_channel.py", line 81, in handler
    if clean_url:
NameError: name 'clean_url' is not defined
Unhandled exception on handler
Traceback (most recent call last):
  File "/usr/local/python3/lib/python3.8/site-packages/telethon/client/updates.py", line 570, in _dispatch_update
    await callback(event)
  File "binance_announce_channel.py", line 81, in handler
    if clean_url:
NameError: name 'clean_url' is not defined
Unhandled exception on handler
Traceback (most recent call last):
  File "/usr/local/python3/lib/python3.8/site-packages/telethon/client/updates.py", line 570, in _dispatch_update
    await callback(event)
  File "binance_announce_channel.py", line 81, in handler
    if clean_url:
NameError: name 'clean_url' is not defined
Unhandled exception on handler
Traceback (most recent call last):
  File "/usr/local/python3/lib/python3.8/site-packages/telethon/client/updates.py", line 570, in _dispatch_update
    await callback(event)
  File "binance_announce_channel.py", line 81, in handler
    if clean_url:
NameError: name 'clean_url' is not defined
Unhandled exception on handler
Traceback (most recent call last):
  File "/usr/local/python3/lib/python3.8/site-packages/telethon/client/updates.py", line 570, in _dispatch_update
    await callback(event)
  File "binance_announce_channel.py", line 81, in handler
    if clean_url:
NameError: name 'clean_url' is not defined
Unhandled exception on handler
Traceback (most recent call last):
  File "/usr/local/python3/lib/python3.8/site-packages/telethon/client/updates.py", line 570, in _dispatch_update
    await callback(event)
  File "binance_announce_channel.py", line 81, in handler
    if clean_url:
NameError: name 'clean_url' is not defined
Unhandled exception on handler
Traceback (most recent call last):
  File "/usr/local/python3/lib/python3.8/site-packages/telethon/client/updates.py", line 570, in _dispatch_update
    await callback(event)
  File "binance_announce_channel.py", line 81, in handler
    if clean_url:
NameError: name 'clean_url' is not defined
Unhandled exception on handler
Traceback (most recent call last):
  File "/usr/local/python3/lib/python3.8/site-packages/telethon/client/updates.py", line 570, in _dispatch_update
    await callback(event)
  File "binance_announce_channel.py", line 81, in handler
    if clean_url:
NameError: name 'clean_url' is not defined
Unhandled exception on handler
Traceback (most recent call last):
  File "/usr/local/python3/lib/python3.8/site-packages/telethon/client/updates.py", line 570, in _dispatch_update
    await callback(event)
  File "binance_announce_channel.py", line 81, in handler
    if clean_url:
NameError: name 'clean_url' is not defined
Unhandled exception on handler
Traceback (most recent call last):
  File "/usr/local/python3/lib/python3.8/site-packages/telethon/client/updates.py", line 570, in _dispatch_update
    await callback(event)
  File "binance_announce_channel.py", line 81, in handler
    if clean_url:
NameError: name 'clean_url' is not defined
Unhandled exception on handler
Traceback (most recent call last):
  File "/usr/local/python3/lib/python3.8/site-packages/telethon/client/updates.py", line 570, in _dispatch_update
    await callback(event)
  File "binance_announce_channel.py", line 81, in handler
    if clean_url:
NameError: name 'clean_url' is not defined
Security error while unpacking a received message: Server replied with a wrong session ID (see FAQ for details)
Security error while unpacking a received message: Server replied with a wrong session ID (see FAQ for details)
Security error while unpacking a received message: Server replied with a wrong session ID (see FAQ for details)
Security error while unpacking a received message: Server replied with a wrong session ID (see FAQ for details)
Security error while unpacking a received message: Server replied with a wrong session ID (see FAQ for details)
Unhandled exception on handler
Traceback (most recent call last):
  File "/usr/local/python3/lib/python3.8/site-packages/telethon/client/updates.py", line 570, in _dispatch_update
    await callback(event)
  File "binance_announce_channel.py", line 81, in handler
    if clean_url:
NameError: name 'clean_url' is not defined
Unhandled exception on handler
Traceback (most recent call last):
  File "/usr/local/python3/lib/python3.8/site-packages/telethon/client/updates.py", line 570, in _dispatch_update
    await callback(event)
  File "binance_announce_channel.py", line 81, in handler
    if clean_url:
NameError: name 'clean_url' is not defined
Unhandled exception on handler
Traceback (most recent call last):
  File "/usr/local/python3/lib/python3.8/site-packages/telethon/client/updates.py", line 570, in _dispatch_update
    await callback(event)
  File "binance_announce_channel.py", line 81, in handler
    if clean_url:
NameError: name 'clean_url' is not defined
Unhandled exception on handler
Traceback (most recent call last):
  File "/usr/local/python3/lib/python3.8/site-packages/telethon/client/updates.py", line 570, in _dispatch_update
    await callback(event)
  File "binance_announce_channel.py", line 81, in handler
    if clean_url:
NameError: name 'clean_url' is not defined
Unhandled exception on handler
Traceback (most recent call last):
  File "/usr/local/python3/lib/python3.8/site-packages/telethon/client/updates.py", line 570, in _dispatch_update
    await callback(event)
  File "binance_announce_channel.py", line 81, in handler
    if clean_url:
NameError: name 'clean_url' is not defined

提取到的链接： ['https://www.binance.com/en/support/announcement/detail/9a53c698dfbb4da38af2cd5df56d599f?utm_source=AnnouncementTG&utm_medium=GlobalCommunity&utm_campaign=AnnouncementBot']
提取到的链接： ['https://www.binance.com/en/support/announcement/detail/38f940eccac74659b593216e6dcb1d07?utm_source=AnnouncementTG&utm_medium=GlobalCommunity&utm_campaign=AnnouncementBot']
提取到的链接： ['https://www.binance.com/en/support/announcement/detail/68e23ead0784422489a53e96ddd4e038?utm_source=AnnouncementTG&utm_medium=GlobalCommunity&utm_campaign=AnnouncementBot']
提取到的链接： ['https://www.binance.com/en/support/announcement/detail/3e1d2bc715f944cbbe830c9a0dbc94d0?utm_source=AnnouncementTG&utm_medium=GlobalCommunity&utm_campaign=AnnouncementBot']
提取到的链接： ['https://www.binance.com/en/price/bnb']
提取到的链接： ['https://www.binance.com/en/support/announcement/detail/aa0b4e1fd39a4a03a78f45d2a1a3baac?utm_source=AnnouncementTG&utm_medium=GlobalCommunity&utm_campaign=AnnouncementBot']
提取到的链接： ['https://www.binance.com/en/support/announcement/detail/fb348cd146834cc8ab3ccc8ecbc3bdf4?utm_source=AnnouncementTG&utm_medium=GlobalCommunity&utm_campaign=AnnouncementBot']
提取到的链接： ['https://www.binance.com/en/support/announcement/detail/96db998a30e6437e929d059b976f3c13?utm_source=AnnouncementTG&utm_medium=GlobalCommunity&utm_campaign=AnnouncementBot']
提取到的链接： ['https://www.binance.com/en/support/announcement/detail/6c406b0b1f6e456d869685dc9fe74d99?utm_source=AnnouncementTG&utm_medium=GlobalCommunity&utm_campaign=AnnouncementBot']
提取到的链接： ['https://www.binance.com/zh-CN/support/announcement/detail/6c406b0b1f6e456d869685dc9fe74d99']
提取到的链接： ['https://www.binance.com/en/support/announcement/detail/b1d7e904c88544d59e7a5feb5e97ed7a?utm_source=AnnouncementTG&utm_medium=GlobalCommunity&utm_campaign=AnnouncementBot']
提取到的链接： ['https://www.binance.com/en/support/announcement/detail/77f45eea5e7e482497153c7536781a8d?utm_source=AnnouncementTG&utm_medium=GlobalCommunity&utm_campaign=AnnouncementBot']
提取到的链接： ['https://www.binance.com/en/support/announcement/detail/d309275c430f4b59b66736783fe1c2cd?utm_source=AnnouncementTG&utm_medium=GlobalCommunity&utm_campaign=AnnouncementBot']
提取到的链接： ['**Denn', 'are **$8,000 ', 'C! **👇\nhttps://www.binance.com/en/survey/5424e9adc96d481087d8a9eb1', 'a7f  \n\n#HumansOf']
提取到的链接： ['https://www.binance.com/en/support/announcement/detail/dba2de8e2fce4b9c8b0ecfe1422e81a1?utm_source=AnnouncementTG&utm_medium=GlobalCommunity&utm_campaign=AnnouncementBot']
提取到的链接： ['https://www.binance.com/en/support/announcement/detail/6a579b3a8c6b4d8fbf88049f745ec099?utm_source=AnnouncementTG&utm_medium=GlobalCommunity&utm_campaign=AnnouncementBot']
提取到的链接： ['https://www.binance.com/en/support/announcement/detail/83aac9501acd4f099f40c7b1b8f8fcce?utm_source=AnnouncementTG&utm_medium=GlobalCommunity&utm_campaign=AnnouncementBot']
提取到的链接： ['https://www.binance.com/en/support/announcement/detail/712e970b86c940acaad748e498aa51d3?utm_source=AnnouncementTG&utm_medium=GlobalCommunity&utm_campaign=AnnouncementBot']
提取到的链接： ['https://www.binance.com/en/support/announcement/detail/37e945a134624883bca560621b4d142f?utm_source=AnnouncementTG&utm_medium=GlobalCommunity&utm_campaign=AnnouncementBot']
提取到的链接： ['https://www.binance.com/en/support/announcement/detail/4bb2ca67e5614034b0a5366ffb9d95bc?utm_source=AnnouncementTG&utm_medium=GlobalCommunity&utm_campaign=AnnouncementBot']
提取到的链接： ['https://www.binance.com/en/support/announcement/detail/e37d0a8a0bda4820bbbd452a9b7e3153?utm_source=AnnouncementTG&utm_medium=GlobalCommunity&utm_campaign=AnnouncementBot']
提取到的链接： []
提取到的链接： ['https://www.binance.com/en/support/announcement/detail/702ed06f6a934300a73dbeabf4a06e0e?utm_source=AnnouncementTG&utm_medium=GlobalCommunity&utm_campaign=AnnouncementBot']
提取到的链接： ['https://www.binance.com/en/support/announcement/detail/b78aa44455934e959f5568fd00bb1c20?utm_source=AnnouncementTG&utm_medium=GlobalCommunity&utm_campaign=AnnouncementBot']
提取到的链接： ['https://www.binance.com/en/support/announcement/detail/05dbcb2ba9704f4e87c4cceb308b7488?utm_source=AnnouncementTG&utm_medium=GlobalCommunity&utm_campaign=AnnouncementBot']
提取到的链接： ['https://www.binance.com/en/support/announcement/detail/6c5fac32e085465fa9abec3c8e9bf2e6?utm_source=AnnouncementTG&utm_medium=GlobalCommunity&utm_campaign=AnnouncementBot']
提取到的链接： ['https://www.binance.com/en/support/announcement/detail/01c33dde27854a768770951130265af2?utm_source=AnnouncementTG&utm_medium=GlobalCommunity&utm_campaign=AnnouncementBot']
提取到的链接： ['https://www.binance.com/en/support/announcement/detail/779c2d907ada4ef3bc56572239388ff1?utm_source=AnnouncementTG&utm_medium=GlobalCommunity&utm_campaign=AnnouncementBot']
提取到的链接： ['https://www.binance.com/en/support/announcement/detail/2367baa4db2241f796eabd455c13ca0f?utm_source=AnnouncementTG&utm_medium=GlobalCommunity&utm_campaign=AnnouncementBot']
提取到的链接： []
提取到的链接： ['https://www.binance.com/en/support/announcement/detail/e7b441acff484d25a1120f8ae7ce6e54?utm_source=AnnouncementTG&utm_medium=GlobalCommunity&utm_campaign=AnnouncementBot']
提取到的链接： ['https://www.binance.com/en/support/announcement/detail/70c92ace9acb45529cd4541195248c91?utm_source=AnnouncementTG&utm_medium=GlobalCommunity&utm_campaign=AnnouncementBot']
提取到的链接： ['https://www.binance.com/en/support/announcement/detail/5a6b3cc7adc4466b98cc40d749b09fd6?utm_source=AnnouncementTG&utm_medium=GlobalCommunity&utm_campaign=AnnouncementBot']
提取到的链接： ['https://www.binance.com/en/support/announcement/detail/9eb104f497044e259ad9bd8f259f265c?utm_source=AnnouncementTG&utm_medium=GlobalCommunity&utm_campaign=AnnouncementBot']
提取到的链接： ['https://www.binance.com/en/support/announcement/detail/c5b1c827b2f64d37a20f87063b2f9815?utm_source=AnnouncementTG&utm_medium=GlobalCommunity&utm_campaign=AnnouncementBot']
提取到的链接： ['https://www.binance.com/en/support/announcement/detail/f3ce9138bb074d57befa7a5a1129536a?utm_source=AnnouncementTG&utm_medium=GlobalCommunity&utm_campaign=AnnouncementBot']
提取到的链接： ['https://www.binance.com/en/support/announcement/detail/9e397805990241e98b6d2f3d35fa1a65?utm_source=AnnouncementTG&utm_medium=GlobalCommunity&utm_campaign=AnnouncementBot']
提取到的链接： ['@binance', 'https://www.binance.com/en/activity/red-packets/RP14117528880057482976100/share?utm_source=AnnouncementTG&utm_medium=GlobalCommunity&utm_campaign=AnnouncementBot']
提取到的链接： ['https://www.binance.com/en/support/announcement/detail/8e91e95a2a724d5daaed543744aca665?utm_source=AnnouncementTG&utm_medium=GlobalCommunity&utm_campaign=AnnouncementBot']
提取到的链接： ['https://www.binance.com/en/support/announcement/detail/db01ae989860452e89ff546a4c88b7bf?utm_source=AnnouncementTG&utm_medium=GlobalCommunity&utm_campaign=AnnouncementBot']
提取到的链接： ['https://www.binance.com/en/support/announcement/detail/b978b48e31ef4b33886ef59c4d15c733?utm_source=AnnouncementTG&utm_medium=GlobalCommunity&utm_campaign=AnnouncementBot']
提取到的链接： ['https://www.binance.com/en/support/announcement/detail/c50011de9150456da74437a2eecc5519?utm_source=AnnouncementTG&utm_medium=GlobalCommunity&utm_campaign=AnnouncementBot']
提取到的链接： ['https://www.binance.com/en/support/announcement/detail/a1aebbface16420388f32b02b1ee55eb?utm_source=AnnouncementTG&utm_medium=GlobalCommunity&utm_campaign=AnnouncementBot']
提取到的链接： ['https://www.binance.com/en/support/announcement/detail/a5f7b733c1264ce9894066ef758d9a06?utm_source=AnnouncementTG&utm_medium=GlobalCommunity&utm_campaign=AnnouncementBot']
提取到的链接： ['https://www.binance.com/en/support/announcement/detail/43735c26a3a643d59ac7757d161b0113?utm_source=AnnouncementTG&utm_medium=GlobalCommunity&utm_campaign=AnnouncementBot']Unhandled exception on handler
Traceback (most recent call last):
  File "/usr/local/python3/lib/python3.8/site-packages/telethon/client/updates.py", line 570, in _dispatch_update
    await callback(event)
  File "binance_announce_channel.py", line 81, in handler
    if clean_url:
NameError: name 'clean_url' is not defined
Unhandled exception on handler
Traceback (most recent call last):
  File "/usr/local/python3/lib/python3.8/site-packages/telethon/client/updates.py", line 570, in _dispatch_update
    await callback(event)
  File "binance_announce_channel.py", line 81, in handler
    if clean_url:
NameError: name 'clean_url' is not defined
Unhandled exception on handler
Traceback (most recent call last):
  File "/usr/local/python3/lib/python3.8/site-packages/telethon/client/updates.py", line 570, in _dispatch_update
    await callback(event)
  File "binance_announce_channel.py", line 81, in handler
    if clean_url:
NameError: name 'clean_url' is not defined
Unhandled exception on handler
Traceback (most recent call last):
  File "/usr/local/python3/lib/python3.8/site-packages/telethon/client/updates.py", line 570, in _dispatch_update
    await callback(event)
  File "binance_announce_channel.py", line 81, in handler
    if clean_url:
NameError: name 'clean_url' is not defined
Unhandled exception on handler
Traceback (most recent call last):
  File "/usr/local/python3/lib/python3.8/site-packages/telethon/client/updates.py", line 570, in _dispatch_update
    await callback(event)
  File "binance_announce_channel.py", line 81, in handler
    if clean_url:
NameError: name 'clean_url' is not defined
Unhandled exception on handler
Traceback (most recent call last):
  File "/usr/local/python3/lib/python3.8/site-packages/telethon/client/updates.py", line 570, in _dispatch_update
    await callback(event)
  File "binance_announce_channel.py", line 81, in handler
    if clean_url:
NameError: name 'clean_url' is not defined
Unhandled exception on handler
Traceback (most recent call last):
  File "/usr/local/python3/lib/python3.8/site-packages/telethon/client/updates.py", line 570, in _dispatch_update
    await callback(event)
  File "binance_announce_channel.py", line 81, in handler
    if clean_url:
NameError: name 'clean_url' is not defined
Unhandled exception on handler
Traceback (most recent call last):
  File "/usr/local/python3/lib/python3.8/site-packages/telethon/client/updates.py", line 570, in _dispatch_update
    await callback(event)
  File "binance_announce_channel.py", line 81, in handler
    if clean_url:
NameError: name 'clean_url' is not defined
Unhandled exception on handler
Traceback (most recent call last):
  File "/usr/local/python3/lib/python3.8/site-packages/telethon/client/updates.py", line 570, in _dispatch_update
    await callback(event)
  File "binance_announce_channel.py", line 81, in handler
    if clean_url:
NameError: name 'clean_url' is not defined
Unhandled exception on handler
Traceback (most recent call last):
  File "/usr/local/python3/lib/python3.8/site-packages/telethon/client/updates.py", line 570, in _dispatch_update
    await callback(event)
  File "binance_announce_channel.py", line 81, in handler
    if clean_url:
NameError: name 'clean_url' is not defined
Unhandled exception on handler
Traceback (most recent call last):
  File "/usr/local/python3/lib/python3.8/site-packages/telethon/client/updates.py", line 570, in _dispatch_update
    await callback(event)
  File "binance_announce_channel.py", line 81, in handler
    if clean_url:
NameError: name 'clean_url' is not defined
Unhandled exception on handler
Traceback (most recent call last):
  File "/usr/local/python3/lib/python3.8/site-packages/telethon/client/updates.py", line 570, in _dispatch_update
    await callback(event)
  File "binance_announce_channel.py", line 81, in handler
    if clean_url:
NameError: name 'clean_url' is not defined
Unhandled exception on handler
Traceback (most recent call last):
  File "/usr/local/python3/lib/python3.8/site-packages/telethon/client/updates.py", line 570, in _dispatch_update
    await callback(event)
  File "binance_announce_channel.py", line 81, in handler
    if clean_url:
NameError: name 'clean_url' is not defined
Unhandled exception on handler
Traceback (most recent call last):
  File "/usr/local/python3/lib/python3.8/site-packages/telethon/client/updates.py", line 570, in _dispatch_update
    await callback(event)
  File "binance_announce_channel.py", line 81, in handler
    if clean_url:
NameError: name 'clean_url' is not defined
Unhandled exception on handler
Traceback (most recent call last):
  File "/usr/local/python3/lib/python3.8/site-packages/telethon/client/updates.py", line 570, in _dispatch_update
    await callback(event)
  File "binance_announce_channel.py", line 81, in handler
    if clean_url:
NameError: name 'clean_url' is not defined
Unhandled exception on handler
Traceback (most recent call last):
  File "/usr/local/python3/lib/python3.8/site-packages/telethon/client/updates.py", line 570, in _dispatch_update
    await callback(event)
  File "binance_announce_channel.py", line 81, in handler
    if clean_url:
NameError: name 'clean_url' is not defined
Unhandled exception on handler
Traceback (most recent call last):
  File "/usr/local/python3/lib/python3.8/site-packages/telethon/client/updates.py", line 570, in _dispatch_update
    await callback(event)
  File "binance_announce_channel.py", line 81, in handler
    if clean_url:
NameError: name 'clean_url' is not defined
Unhandled exception on handler
Traceback (most recent call last):
  File "/usr/local/python3/lib/python3.8/site-packages/telethon/client/updates.py", line 570, in _dispatch_update
    await callback(event)
  File "binance_announce_channel.py", line 81, in handler
    if clean_url:
NameError: name 'clean_url' is not defined
Unhandled exception on handler
Traceback (most recent call last):
  File "/usr/local/python3/lib/python3.8/site-packages/telethon/client/updates.py", line 570, in _dispatch_update
    await callback(event)
  File "binance_announce_channel.py", line 81, in handler
    if clean_url:
NameError: name 'clean_url' is not defined
Unhandled exception on handler
Traceback (most recent call last):
  File "/usr/local/python3/lib/python3.8/site-packages/telethon/client/updates.py", line 570, in _dispatch_update
    await callback(event)
  File "binance_announce_channel.py", line 81, in handler
    if clean_url:
NameError: name 'clean_url' is not defined
Unhandled exception on handler
Traceback (most recent call last):
  File "/usr/local/python3/lib/python3.8/site-packages/telethon/client/updates.py", line 570, in _dispatch_update
    await callback(event)
  File "binance_announce_channel.py", line 81, in handler
    if clean_url:
NameError: name 'clean_url' is not defined
Unhandled exception on handler
Traceback (most recent call last):
  File "/usr/local/python3/lib/python3.8/site-packages/telethon/client/updates.py", line 570, in _dispatch_update
    await callback(event)
  File "binance_announce_channel.py", line 81, in handler
    if clean_url:
NameError: name 'clean_url' is not defined
Unhandled exception on handler
Traceback (most recent call last):
  File "/usr/local/python3/lib/python3.8/site-packages/telethon/client/updates.py", line 570, in _dispatch_update
    await callback(event)
  File "binance_announce_channel.py", line 81, in handler
    if clean_url:
NameError: name 'clean_url' is not defined
Unhandled exception on handler
Traceback (most recent call last):
  File "/usr/local/python3/lib/python3.8/site-packages/telethon/client/updates.py", line 570, in _dispatch_update
    await callback(event)
  File "binance_announce_channel.py", line 81, in handler
    if clean_url:
NameError: name 'clean_url' is not defined
Unhandled exception on handler
Traceback (most recent call last):
  File "/usr/local/python3/lib/python3.8/site-packages/telethon/client/updates.py", line 570, in _dispatch_update
    await callback(event)
  File "binance_announce_channel.py", line 81, in handler
    if clean_url:
NameError: name 'clean_url' is not defined
Unhandled exception on handler
Traceback (most recent call last):
  File "/usr/local/python3/lib/python3.8/site-packages/telethon/client/updates.py", line 570, in _dispatch_update
    await callback(event)
  File "binance_announce_channel.py", line 81, in handler
    if clean_url:
NameError: name 'clean_url' is not defined
Unhandled exception on handler
Traceback (most recent call last):
  File "/usr/local/python3/lib/python3.8/site-packages/telethon/client/updates.py", line 570, in _dispatch_update
    await callback(event)
  File "binance_announce_channel.py", line 81, in handler
    if clean_url:
NameError: name 'clean_url' is not defined
Unhandled exception on handler
Traceback (most recent call last):
  File "/usr/local/python3/lib/python3.8/site-packages/telethon/client/updates.py", line 570, in _dispatch_update
    await callback(event)
  File "binance_announce_channel.py", line 81, in handler
    if clean_url:
NameError: name 'clean_url' is not defined
Unhandled exception on handler
Traceback (most recent call last):
  File "/usr/local/python3/lib/python3.8/site-packages/telethon/client/updates.py", line 570, in _dispatch_update
    await callback(event)
  File "binance_announce_channel.py", line 81, in handler
    if clean_url:
NameError: name 'clean_url' is not defined
Unhandled exception on handler
Traceback (most recent call last):
  File "/usr/local/python3/lib/python3.8/site-packages/telethon/client/updates.py", line 570, in _dispatch_update
    await callback(event)
  File "binance_announce_channel.py", line 81, in handler
    if clean_url:
NameError: name 'clean_url' is not defined
Unhandled exception on handler
Traceback (most recent call last):
  File "/usr/local/python3/lib/python3.8/site-packages/telethon/client/updates.py", line 570, in _dispatch_update
    await callback(event)
  File "binance_announce_channel.py", line 81, in handler
    if clean_url:
NameError: name 'clean_url' is not defined
Unhandled exception on handler
Traceback (most recent call last):
  File "/usr/local/python3/lib/python3.8/site-packages/telethon/client/updates.py", line 570, in _dispatch_update
    await callback(event)
  File "binance_announce_channel.py", line 81, in handler
    if clean_url:
NameError: name 'clean_url' is not defined
Unhandled exception on handler
Traceback (most recent call last):
  File "/usr/local/python3/lib/python3.8/site-packages/telethon/client/updates.py", line 570, in _dispatch_update
    await callback(event)
  File "binance_announce_channel.py", line 81, in handler
    if clean_url:
NameError: name 'clean_url' is not defined
Unhandled exception on handler
Traceback (most recent call last):
  File "/usr/local/python3/lib/python3.8/site-packages/telethon/client/updates.py", line 570, in _dispatch_update
    await callback(event)
  File "binance_announce_channel.py", line 81, in handler
    if clean_url:
NameError: name 'clean_url' is not defined
Unhandled exception on handler
Traceback (most recent call last):
  File "/usr/local/python3/lib/python3.8/site-packages/telethon/client/updates.py", line 570, in _dispatch_update
    await callback(event)
  File "binance_announce_channel.py", line 81, in handler
    if clean_url:
NameError: name 'clean_url' is not defined
Unhandled exception on handler
Traceback (most recent call last):
  File "/usr/local/python3/lib/python3.8/site-packages/telethon/client/updates.py", line 570, in _dispatch_update
    await callback(event)
  File "binance_announce_channel.py", line 81, in handler
    if clean_url:
NameError: name 'clean_url' is not defined
Unhandled exception on handler
Traceback (most recent call last):
  File "/usr/local/python3/lib/python3.8/site-packages/telethon/client/updates.py", line 570, in _dispatch_update
    await callback(event)
  File "binance_announce_channel.py", line 81, in handler
    if clean_url:
NameError: name 'clean_url' is not defined
Unhandled exception on handler
Traceback (most recent call last):
  File "/usr/local/python3/lib/python3.8/site-packages/telethon/client/updates.py", line 570, in _dispatch_update
    await callback(event)
  File "binance_announce_channel.py", line 81, in handler
    if clean_url:
NameError: name 'clean_url' is not defined
Unhandled exception on handler
Traceback (most recent call last):
  File "/usr/local/python3/lib/python3.8/site-packages/telethon/client/updates.py", line 570, in _dispatch_update
    await callback(event)
  File "binance_announce_channel.py", line 81, in handler
    if clean_url:
NameError: name 'clean_url' is not defined
Unhandled exception on handler
Traceback (most recent call last):
  File "/usr/local/python3/lib/python3.8/site-packages/telethon/client/updates.py", line 570, in _dispatch_update
    await callback(event)
  File "binance_announce_channel.py", line 81, in handler
    if clean_url:
NameError: name 'clean_url' is not defined
Unhandled exception on handler
Traceback (most recent call last):
  File "/usr/local/python3/lib/python3.8/site-packages/telethon/client/updates.py", line 570, in _dispatch_update
    await callback(event)
  File "binance_announce_channel.py", line 81, in handler
    if clean_url:
NameError: name 'clean_url' is not defined
Unhandled exception on handler
Traceback (most recent call last):
  File "/usr/local/python3/lib/python3.8/site-packages/telethon/client/updates.py", line 570, in _dispatch_update
    await callback(event)
  File "binance_announce_channel.py", line 81, in handler
    if clean_url:
NameError: name 'clean_url' is not defined

提取到的链接： ['**win some BNB', '\n**\n**How to', 'ommand: ', 'price>\n\n**📅 Game ', 'imeline:**\n__ Starts: 23 September, 12 PM UTC\n Ends: 27 Septemb', 'the price for:** 30 Sept', 'M UTC', 'predictors wil', ' will sh']
提取到的链接： ['https://www.binance.com/en/support/announcement/detail/59f15afc302e4a91a91c3d7b11b631ff?utm_source=AnnouncementTG&utm_medium=GlobalCommunity&utm_campaign=AnnouncementBot']
提取到的链接： ['https://www.binance.com/en/support/announcement/detail/056e290e84dc4460ae32079d232cb513?utm_source=AnnouncementTG&utm_medium=GlobalCommunity&utm_campaign=AnnouncementBot']
提取到的链接： ['https://www.binance.com/en/support/announcement/detail/f0f478ea9bdb40ee977d00c312de4a67?utm_source=AnnouncementTG&utm_medium=GlobalCommunity&utm_campaign=AnnouncementBot']
提取到的链接： ['https://www.binance.com/en/support/announcement/b00f28d55c924614b1953484c64dd6f9?utm_source=AnnouncementTG&utm_medium=GlobalCommunity&utm_campaign=AnnouncementBot']
提取到的链接： ['https://www.binance.com/en/support/announcement/detail/91356460b6424d1792e5200ecfa5ae37?utm_source=AnnouncementTG&utm_medium=GlobalCommunity&utm_campaign=AnnouncementBot']
提取到的链接： ['https://www.binance.com/en/support/announcement/detail/0755d0918af345c3a7886afa3f19f264?utm_source=AnnouncementTG&utm_medium=GlobalCommunity&utm_campaign=AnnouncementBot']
提取到的链接： ['https://www.binance.com/en/support/announcement/detail/80e26b615ad04a64a4e3513e5c216d68?utm_source=AnnouncementTG&utm_medium=GlobalCommunity&utm_campaign=AnnouncementBot']
提取到的链接： ['https://www.binance.com/en/support/announcement/detail/8c7b420fb5ed44829943a8cf56878c2a?utm_source=AnnouncementTG&utm_medium=GlobalCommunity&utm_campaign=AnnouncementBot']
提取到的链接： ['https://www.binance.com/en/support/announcement/detail/36689daad071466ba12cee85e4cc7dce?utm_source=AnnouncementTG&utm_medium=GlobalCommunity&utm_campaign=AnnouncementBot']
提取到的链接： ['https://www.binance.com/en/support/announcement/detail/a0db687c02eb4be2be5d51dc95d01a75?utm_source=AnnouncementTG&utm_medium=GlobalCommunity&utm_campaign=AnnouncementBot']
提取到的链接： ['https://www.binance.com/en/support/announcement/detail/149617ae89a64ca4ac71ed2d296ab4e6?utm_source=AnnouncementTG&utm_medium=GlobalCommunity&utm_campaign=AnnouncementBot']
提取到的链接： ['https://www.binance.com/en/support/announcement/detail/9ad9d8e506f549feafb8750d13fe258e?utm_source=AnnouncementTG&utm_medium=GlobalCommunity&utm_campaign=AnnouncementBot']
提取到的链接： ['https://www.binance.com/en/support/announcement/detail/91c33e4386764c3199ea2e70cf5fb133?utm_source=AnnouncementTG&utm_medium=GlobalCommunity&utm_campaign=AnnouncementBot']
提取到的链接： ['https://www.binance.com/en/support/announcement/detail/14f17e59b77049d9be23e8dea3f184a8?utm_source=AnnouncementTG&utm_medium=GlobalCommunity&utm_campaign=AnnouncementBot']
提取到的链接： ['https://www.binance.com/en/support/announcement/detail/5430a9d8fd754f27b042cf6cccb56687?utm_source=AnnouncementTG&utm_medium=GlobalCommunity&utm_campaign=AnnouncementBot']
提取到的链接： ['https://www.binance.com/en/support/announcement/detail/f5ef0fbaaeaf43b188a9fd4191a5c921?utm_source=AnnouncementTG&utm_medium=GlobalCommunity&utm_campaign=AnnouncementBot']
提取到的链接： ['https://www.binance.com/en/support/announcement/detail/91b1298d151a4803b99720518751a95b?utm_source=AnnouncementTG&utm_medium=GlobalCommunity&utm_campaign=AnnouncementBot']
提取到的链接： ['https://www.binance.com/en/support/announcement/detail/c3d224fbc83a420bac3304dafa7918cc?utm_source=AnnouncementTG&utm_medium=GlobalCommunity&utm_campaign=AnnouncementBot']
提取到的链接： ['https://www.binance.com/en/support/announcement/detail/b6725a13dc844bc4bd0ff2d93cd72936?utm_source=AnnouncementTG&utm_medium=GlobalCommunity&utm_campaign=AnnouncementBot']
提取到的链接： ['https://www.binance.com/en/support/announcement/detail/7965ea8943be4433baffa1d68793f483?utm_source=AnnouncementTG&utm_medium=GlobalCommunity&utm_campaign=AnnouncementBot']
提取到的链接： ['https://www.binance.com/en/support/announcement/detail/60b380d106a248bfbafc5feb2f786089?utm_source=AnnouncementTG&utm_medium=GlobalCommunity&utm_campaign=AnnouncementBot']
提取到的链接： ['https://www.binance.com/en/support/announcement/detail/78d732ff9111468db66dd3e10dd6b7e0?utm_source=AnnouncementTG&utm_medium=GlobalCommunity&utm_campaign=AnnouncementBot']
提取到的链接： ['https://www.binance.com/en/support/announcement/detail/feec6071453d4433bf251e8e17438c7c?utm_source=AnnouncementTG&utm_medium=GlobalCommunity&utm_campaign=AnnouncementBot']
提取到的链接： ['https://www.binance.com/en/support/announcement/detail/46764c8344bc413999b4fd01f83df1f2?utm_source=AnnouncementTG&utm_medium=GlobalCommunity&utm_campaign=AnnouncementBot']
提取到的链接： ['https://www.binance.com/en/support/announcement/detail/ddeadab88821403ca735e2bed8c289d9?utm_source=AnnouncementTG&utm_medium=GlobalCommunity&utm_campaign=AnnouncementBot']
提取到的链接： ['https://www.binance.com/en/support/announcement/detail/3ad614dbdf2b41dbb0b695064096c32f?utm_source=AnnouncementTG&utm_medium=GlobalCommunity&utm_campaign=AnnouncementBot']
提取到的链接： ['https://www.binance.com/en/support/announcement/detail/f7e9eab99eac49d493d7eb5b745cfd4d?utm_source=AnnouncementTG&utm_medium=GlobalCommunity&utm_campaign=AnnouncementBot']
提取到的链接： ['https://www.binance.com/en/support/announcement/detail/83636cb948f2407b87f5182a3881ecc7?utm_source=AnnouncementTG&utm_medium=GlobalCommunity&utm_campaign=AnnouncementBot']
提取到的链接： ['https://www.binance.com/en/support/announcement/detail/47965a2e19084822a5573699cdaf0102?utm_source=AnnouncementTG&utm_medium=GlobalCommunity&utm_campaign=AnnouncementBot']
提取到的链接： ['https://www.binance.com/en/support/announcement/detail/d205e3ae91a1420fa3b4ca21c4be9e00?utm_source=AnnouncementTG&utm_medium=GlobalCommunity&utm_campaign=AnnouncementBot']
提取到的链接： ['https://www.binance.com/en/support/announcement/detail/d286ec4a810a4a068952986481727ff9?utm_source=AnnouncementTG&utm_medium=GlobalCommunity&utm_campaign=AnnouncementBot']
提取到的链接： ['https://www.binance.com/en/support/announcement/detail/b76cdff0bc7b48a2b02c887b5226b85a?utm_source=AnnouncementTG&utm_medium=GlobalCommunity&utm_campaign=AnnouncementBot']
提取到的链接： ['https://www.binance.com/en/support/announcement/detail/5910c03eba8e4374a4a9ae2fc6ac3ed6?utm_source=AnnouncementTG&utm_medium=GlobalCommunity&utm_campaign=AnnouncementBot']
提取到的链接： ['https://www.binance.com/en/support/announcement/detail/93fe07787c4446199852bebdb3219a74?utm_source=AnnouncementTG&utm_medium=GlobalCommunity&utm_campaign=AnnouncementBot']
提取到的链接： ['https://www.binance.com/en/support/announcement/detail/f4e81490ec9347f1b1ba68c2779d5863?utm_source=AnnouncementTG&utm_medium=GlobalCommunity&utm_campaign=AnnouncementBot']
提取到的链接： ['https://www.binance.com/en/support/announcement/detail/44567119cf964939bb87eb5e938f106f?utm_source=AnnouncementTG&utm_medium=GlobalCommunity&utm_campaign=AnnouncementBot']
提取到的链接： ['https://www.binance.com/en/support/announcement/detail/5838bf69f36b4838b5c5fdebc0969b95?utm_source=AnnouncementTG&utm_medium=GlobalCommunity&utm_campaign=AnnouncementBot']
提取到的链接： ['https://www.binance.com/en/support/announcement/detail/6bddaf01b196485fab540fd011bcc1d9?utm_source=AnnouncementTG&utm_medium=GlobalCommunity&utm_campaign=AnnouncementBot']
提取到的链接： ['https://www.binance.com/en/support/announcement/detail/ce383a4cd22743109da5c7f050457089?utm_source=AnnouncementTG&utm_medium=GlobalCommunity&utm_campaign=AnnouncementBot']
提取到的链接： ['https://www.binance.com/en/support/announcement/detail/e5e95f88f0e144e9ac52c6a2662fadc1?utm_source=AnnouncementTG&utm_medium=GlobalCommunity&utm_campaign=AnnouncementBot']
提取到的链接： ['https://www.binance.com/en/support/announcement/detail/f70866fe7029412ba33c0e394aedd135?utm_source=AnnouncementTG&utm_medium=GlobalCommunity&utm_campaign=AnnouncementBot']Unhandled exception on handler
Traceback (most recent call last):
  File "/usr/local/python3/lib/python3.8/site-packages/telethon/client/updates.py", line 570, in _dispatch_update
    await callback(event)
  File "binance_announce_channel.py", line 81, in handler
    if clean_url:
NameError: name 'clean_url' is not defined
Unhandled exception on handler
Traceback (most recent call last):
  File "/usr/local/python3/lib/python3.8/site-packages/telethon/client/updates.py", line 570, in _dispatch_update
    await callback(event)
  File "binance_announce_channel.py", line 81, in handler
    if clean_url:
NameError: name 'clean_url' is not defined
Unhandled exception on handler
Traceback (most recent call last):
  File "/usr/local/python3/lib/python3.8/site-packages/telethon/client/updates.py", line 570, in _dispatch_update
    await callback(event)
  File "binance_announce_channel.py", line 81, in handler
    if clean_url:
NameError: name 'clean_url' is not defined
Unhandled exception on handler
Traceback (most recent call last):
  File "/usr/local/python3/lib/python3.8/site-packages/telethon/client/updates.py", line 570, in _dispatch_update
    await callback(event)
  File "binance_announce_channel.py", line 81, in handler
    if clean_url:
NameError: name 'clean_url' is not defined
Unhandled exception on handler
Traceback (most recent call last):
  File "/usr/local/python3/lib/python3.8/site-packages/telethon/client/updates.py", line 570, in _dispatch_update
    await callback(event)
  File "binance_announce_channel.py", line 81, in handler
    if clean_url:
NameError: name 'clean_url' is not defined
Unhandled exception on handler
Traceback (most recent call last):
  File "/usr/local/python3/lib/python3.8/site-packages/telethon/client/updates.py", line 570, in _dispatch_update
    await callback(event)
  File "binance_announce_channel.py", line 81, in handler
    if clean_url:
NameError: name 'clean_url' is not defined
Server closed the connection: [Errno 104] Connection reset by peer
Unhandled exception on handler
Traceback (most recent call last):
  File "/usr/local/python3/lib/python3.8/site-packages/telethon/client/updates.py", line 570, in _dispatch_update
    await callback(event)
  File "binance_announce_channel.py", line 81, in handler
    if clean_url:
NameError: name 'clean_url' is not defined
Unhandled exception on handler
Traceback (most recent call last):
  File "/usr/local/python3/lib/python3.8/site-packages/telethon/client/updates.py", line 570, in _dispatch_update
    await callback(event)
  File "binance_announce_channel.py", line 81, in handler
    if clean_url:
NameError: name 'clean_url' is not defined
Unhandled exception on handler
Traceback (most recent call last):
  File "/usr/local/python3/lib/python3.8/site-packages/telethon/client/updates.py", line 570, in _dispatch_update
    await callback(event)
  File "binance_announce_channel.py", line 81, in handler
    if clean_url:
NameError: name 'clean_url' is not defined
Unhandled exception on handler
Traceback (most recent call last):
  File "/usr/local/python3/lib/python3.8/site-packages/telethon/client/updates.py", line 570, in _dispatch_update
    await callback(event)
  File "binance_announce_channel.py", line 81, in handler
    if clean_url:
NameError: name 'clean_url' is not defined
Unhandled exception on handler
Traceback (most recent call last):
  File "/usr/local/python3/lib/python3.8/site-packages/telethon/client/updates.py", line 570, in _dispatch_update
    await callback(event)
  File "binance_announce_channel.py", line 81, in handler
    if clean_url:
NameError: name 'clean_url' is not defined
Unhandled exception on handler
Traceback (most recent call last):
  File "/usr/local/python3/lib/python3.8/site-packages/telethon/client/updates.py", line 570, in _dispatch_update
    await callback(event)
  File "binance_announce_channel.py", line 81, in handler
    if clean_url:
NameError: name 'clean_url' is not defined
Unhandled exception on handler
Traceback (most recent call last):
  File "/usr/local/python3/lib/python3.8/site-packages/telethon/client/updates.py", line 570, in _dispatch_update
    await callback(event)
  File "binance_announce_channel.py", line 81, in handler
    if clean_url:
NameError: name 'clean_url' is not defined
Unhandled exception on handler
Traceback (most recent call last):
  File "/usr/local/python3/lib/python3.8/site-packages/telethon/client/updates.py", line 570, in _dispatch_update
    await callback(event)
  File "binance_announce_channel.py", line 81, in handler
    if clean_url:
NameError: name 'clean_url' is not defined
Unhandled exception on handler
Traceback (most recent call last):
  File "/usr/local/python3/lib/python3.8/site-packages/telethon/client/updates.py", line 570, in _dispatch_update
    await callback(event)
  File "binance_announce_channel.py", line 81, in handler
    if clean_url:
NameError: name 'clean_url' is not defined
Unhandled exception on handler
Traceback (most recent call last):
  File "/usr/local/python3/lib/python3.8/site-packages/telethon/client/updates.py", line 570, in _dispatch_update
    await callback(event)
  File "binance_announce_channel.py", line 81, in handler
    if clean_url:
NameError: name 'clean_url' is not defined
Unhandled exception on handler
Traceback (most recent call last):
  File "/usr/local/python3/lib/python3.8/site-packages/telethon/client/updates.py", line 570, in _dispatch_update
    await callback(event)
  File "binance_announce_channel.py", line 81, in handler
    if clean_url:
NameError: name 'clean_url' is not defined
Unhandled exception on handler
Traceback (most recent call last):
  File "/usr/local/python3/lib/python3.8/site-packages/telethon/client/updates.py", line 570, in _dispatch_update
    await callback(event)
  File "binance_announce_channel.py", line 81, in handler
    if clean_url:
NameError: name 'clean_url' is not defined
Unhandled exception on handler
Traceback (most recent call last):
  File "/usr/local/python3/lib/python3.8/site-packages/telethon/client/updates.py", line 570, in _dispatch_update
    await callback(event)
  File "binance_announce_channel.py", line 81, in handler
    if clean_url:
NameError: name 'clean_url' is not defined
Unhandled exception on handler
Traceback (most recent call last):
  File "/usr/local/python3/lib/python3.8/site-packages/telethon/client/updates.py", line 570, in _dispatch_update
    await callback(event)
  File "binance_announce_channel.py", line 81, in handler
    if clean_url:
NameError: name 'clean_url' is not defined
Unhandled exception on handler
Traceback (most recent call last):
  File "/usr/local/python3/lib/python3.8/site-packages/telethon/client/updates.py", line 570, in _dispatch_update
    await callback(event)
  File "binance_announce_channel.py", line 81, in handler
    if clean_url:
NameError: name 'clean_url' is not defined
Unhandled exception on handler
Traceback (most recent call last):
  File "/usr/local/python3/lib/python3.8/site-packages/telethon/client/updates.py", line 570, in _dispatch_update
    await callback(event)
  File "binance_announce_channel.py", line 81, in handler
    if clean_url:
NameError: name 'clean_url' is not defined
Unhandled exception on handler
Traceback (most recent call last):
  File "/usr/local/python3/lib/python3.8/site-packages/telethon/client/updates.py", line 570, in _dispatch_update
    await callback(event)
  File "binance_announce_channel.py", line 81, in handler
    if clean_url:
NameError: name 'clean_url' is not defined
Unhandled exception on handler
Traceback (most recent call last):
  File "/usr/local/python3/lib/python3.8/site-packages/telethon/client/updates.py", line 570, in _dispatch_update
    await callback(event)
  File "binance_announce_channel.py", line 81, in handler
    if clean_url:
NameError: name 'clean_url' is not defined
Unhandled exception on handler
Traceback (most recent call last):
  File "/usr/local/python3/lib/python3.8/site-packages/telethon/client/updates.py", line 570, in _dispatch_update
    await callback(event)
  File "binance_announce_channel.py", line 81, in handler
    if clean_url:
NameError: name 'clean_url' is not defined
Unhandled exception on handler
Traceback (most recent call last):
  File "/usr/local/python3/lib/python3.8/site-packages/telethon/client/updates.py", line 570, in _dispatch_update
    await callback(event)
  File "binance_announce_channel.py", line 81, in handler
    if clean_url:
NameError: name 'clean_url' is not defined
Unhandled exception on handler
Traceback (most recent call last):
  File "/usr/local/python3/lib/python3.8/site-packages/telethon/client/updates.py", line 570, in _dispatch_update
    await callback(event)
  File "binance_announce_channel.py", line 81, in handler
    if clean_url:
NameError: name 'clean_url' is not defined
Unhandled exception on handler
Traceback (most recent call last):
  File "/usr/local/python3/lib/python3.8/site-packages/telethon/client/updates.py", line 570, in _dispatch_update
    await callback(event)
  File "binance_announce_channel.py", line 81, in handler
    if clean_url:
NameError: name 'clean_url' is not defined
Unhandled exception on handler
Traceback (most recent call last):
  File "/usr/local/python3/lib/python3.8/site-packages/telethon/client/updates.py", line 570, in _dispatch_update
    await callback(event)
  File "binance_announce_channel.py", line 81, in handler
    if clean_url:
NameError: name 'clean_url' is not defined
Unhandled exception on handler
Traceback (most recent call last):
  File "/usr/local/python3/lib/python3.8/site-packages/telethon/client/updates.py", line 570, in _dispatch_update
    await callback(event)
  File "binance_announce_channel.py", line 81, in handler
    if clean_url:
NameError: name 'clean_url' is not defined
Unhandled exception on handler
Traceback (most recent call last):
  File "/usr/local/python3/lib/python3.8/site-packages/telethon/client/updates.py", line 570, in _dispatch_update
    await callback(event)
  File "binance_announce_channel.py", line 81, in handler
    if clean_url:
NameError: name 'clean_url' is not defined
Unhandled exception on handler
Traceback (most recent call last):
  File "/usr/local/python3/lib/python3.8/site-packages/telethon/client/updates.py", line 570, in _dispatch_update
    await callback(event)
  File "binance_announce_channel.py", line 81, in handler
    if clean_url:
NameError: name 'clean_url' is not defined
Unhandled exception on handler
Traceback (most recent call last):
  File "/usr/local/python3/lib/python3.8/site-packages/telethon/client/updates.py", line 570, in _dispatch_update
    await callback(event)
  File "binance_announce_channel.py", line 81, in handler
    if clean_url:
NameError: name 'clean_url' is not defined
Unhandled exception on handler
Traceback (most recent call last):
  File "/usr/local/python3/lib/python3.8/site-packages/telethon/client/updates.py", line 570, in _dispatch_update
    await callback(event)
  File "binance_announce_channel.py", line 81, in handler
    if clean_url:
NameError: name 'clean_url' is not defined
Unhandled exception on handler
Traceback (most recent call last):
  File "/usr/local/python3/lib/python3.8/site-packages/telethon/client/updates.py", line 570, in _dispatch_update
    await callback(event)
  File "binance_announce_channel.py", line 81, in handler
    if clean_url:
NameError: name 'clean_url' is not defined
Unhandled exception on handler
Traceback (most recent call last):
  File "/usr/local/python3/lib/python3.8/site-packages/telethon/client/updates.py", line 570, in _dispatch_update
    await callback(event)
  File "binance_announce_channel.py", line 81, in handler
    if clean_url:
NameError: name 'clean_url' is not defined
Unhandled exception on handler
Traceback (most recent call last):
  File "/usr/local/python3/lib/python3.8/site-packages/telethon/client/updates.py", line 570, in _dispatch_update
    await callback(event)
  File "binance_announce_channel.py", line 81, in handler
    if clean_url:
NameError: name 'clean_url' is not defined
Unhandled exception on handler
Traceback (most recent call last):
  File "/usr/local/python3/lib/python3.8/site-packages/telethon/client/updates.py", line 570, in _dispatch_update
    await callback(event)
  File "binance_announce_channel.py", line 81, in handler
    if clean_url:
NameError: name 'clean_url' is not defined
Unhandled exception on handler
Traceback (most recent call last):
  File "/usr/local/python3/lib/python3.8/site-packages/telethon/client/updates.py", line 570, in _dispatch_update
    await callback(event)
  File "binance_announce_channel.py", line 81, in handler
    if clean_url:
NameError: name 'clean_url' is not defined
Unhandled exception on handler
Traceback (most recent call last):
  File "/usr/local/python3/lib/python3.8/site-packages/telethon/client/updates.py", line 570, in _dispatch_update
    await callback(event)
  File "binance_announce_channel.py", line 81, in handler
    if clean_url:
NameError: name 'clean_url' is not defined
Unhandled exception on handler
Traceback (most recent call last):
  File "/usr/local/python3/lib/python3.8/site-packages/telethon/client/updates.py", line 570, in _dispatch_update
    await callback(event)
  File "binance_announce_channel.py", line 81, in handler
    if clean_url:
NameError: name 'clean_url' is not defined
Unhandled exception on handler
Traceback (most recent call last):
  File "/usr/local/python3/lib/python3.8/site-packages/telethon/client/updates.py", line 570, in _dispatch_update
    await callback(event)
  File "binance_announce_channel.py", line 81, in handler
    if clean_url:
NameError: name 'clean_url' is not defined

提取到的链接： ['https://www.binance.com/en/support/announcement/detail/d0b158931c3c4425a8a5b2ac09de442b?utm_source=AnnouncementTG&utm_medium=GlobalCommunity&utm_campaign=AnnouncementBot']
提取到的链接： ['https://www.binance.com/en/support/announcement/detail/1f967b4159784814af3ec43192b97cb9?utm_source=AnnouncementTG&utm_medium=GlobalCommunity&utm_campaign=AnnouncementBot']
提取到的链接： ['https://www.binance.com/en/support/announcement/detail/0af3fddeee2c405a8a9b482f06373724?utm_source=AnnouncementTG&utm_medium=GlobalCommunity&utm_campaign=AnnouncementBot']
提取到的链接： []
提取到的链接： ['https://www.binance.com/en/support/announcement/detail/d625623188cf455ea2fea7cc48dcabfb?utm_source=AnnouncementTG&utm_medium=GlobalCommunity&utm_campaign=AnnouncementBot']
提取到的链接： ['https://www.binance.com/en/support/announcement/detail/bf0f0b344bd647cfb7e69dcee9c57463?utm_source=AnnouncementTG&utm_medium=GlobalCommunity&utm_campaign=AnnouncementBot']
提取到的链接： []
提取到的链接： ['https://www.binance.com/en/support/announcement/detail/a3ada8d5a3a344b196ac58eb7ab50256?utm_source=AnnouncementTG&utm_medium=GlobalCommunity&utm_campaign=AnnouncementBot']
提取到的链接： []
提取到的链接： ['https://www.binance.com/en/support/announcement/ff209dd797b2418198c312a1a266e73a?utm_source=AnnouncementTG&utm_medium=GlobalCommunity&utm_campaign=AnnouncementBot']
提取到的链接： ['https://www.binance.com/en/support/announcement/detail/00ae7f5f3f074c539464f1913697ea0c?utm_source=AnnouncementTG&utm_medium=GlobalCommunity&utm_campaign=AnnouncementBot']
提取到的链接： ['https://www.binance.com/en/support/announcement/detail/d6deec042d784b6ba5d8710a8c69d79d?utm_source=AnnouncementTG&utm_medium=GlobalCommunity&utm_campaign=AnnouncementBot']
提取到的链接： ['https://www.binance.com/en/support/announcement/detail/45deca3b788d4f83b03dc08067edbabc?utm_source=AnnouncementTG&utm_medium=GlobalCommunity&utm_campaign=AnnouncementBot']
提取到的链接： ['https://www.binance.com/en/support/announcement/detail/de6fbcc7c83d45729d687a814f03de58?utm_source=AnnouncementTG&utm_medium=GlobalCommunity&utm_campaign=AnnouncementBot']
提取到的链接： ['https://www.binance.com/en/support/announcement/detail/cc001f7cfaf54f71bb7b4babe09437f9?utm_source=AnnouncementTG&utm_medium=GlobalCommunity&utm_campaign=AnnouncementBot']
提取到的链接： ['https://www.binance.com/en/support/announcement/detail/d55ff705e41b45c881a4e1db3fd96698?utm_source=AnnouncementTG&utm_medium=GlobalCommunity&utm_campaign=AnnouncementBot']
提取到的链接： []
提取到的链接： ['https://www.binance.com/en/support/announcement/detail/74b80e9624c848269c610cf86f4bef4a?utm_source=AnnouncementTG&utm_medium=GlobalCommunity&utm_campaign=AnnouncementBot']
提取到的链接： ['https://www.binance.com/en/support/announcement/detail/702987a3115b44cd97b8125bd7e89836?utm_source=AnnouncementTG&utm_medium=GlobalCommunity&utm_campaign=AnnouncementBot']
提取到的链接： ['https://www.binance.com/en/support/announcement/detail/591c38a42688433e93afd32122f22585?utm_source=AnnouncementTG&utm_medium=GlobalCommunity&utm_campaign=AnnouncementBot']
提取到的链接： ['https://www.binance.com/en/support/announcement/detail/0c94ed2f7a7d4e79a0a1aef232917690?utm_source=AnnouncementTG&utm_medium=GlobalCommunity&utm_campaign=AnnouncementBot']
提取到的链接： ['https://www.binance.com/en/support/announcement/detail/64f67abe02a44b8891633d8ab5d0af94?utm_source=AnnouncementTG&utm_medium=GlobalCommunity&utm_campaign=AnnouncementBot']
提取到的链接： ['https://www.binance.com/en/support/announcement/detail/ea3c7257a0c54f99b038221c08e442c3?utm_source=AnnouncementTG&utm_medium=GlobalCommunity&utm_campaign=AnnouncementBot']
提取到的链接： ['https://www.binance.com/en/support/announcement/13bbf79fa3da4919a6388fe86125c533?utm_source=AnnouncementTG&utm_medium=GlobalCommunity&utm_campaign=AnnouncementBot']
提取到的链接： ['https://www.binance.com/en/support/announcement/detail/847572c0248e49c695ef324776d73f1c?utm_source=AnnouncementTG&utm_medium=GlobalCommunity&utm_campaign=AnnouncementBot']
提取到的链接： ['https://www.binance.com/en/support/announcement/detail/c21eac66543c4a62b8b6868cb01ba4f3?utm_source=AnnouncementTG&utm_medium=GlobalCommunity&utm_campaign=AnnouncementBot']
提取到的链接： ['https://www.binance.com/en/support/announcement/detail/055d1721d3b748aaa23b39c0a9c2c064?utm_source=AnnouncementTG&utm_medium=GlobalCommunity&utm_campaign=AnnouncementBot']
提取到的链接： ['https://www.binance.com/en/support/announcement/detail/0c86561f0863419ca441b2a4c96e790d?utm_source=AnnouncementTG&utm_medium=GlobalCommunity&utm_campaign=AnnouncementBot']
提取到的链接： ['https://www.binance.com/en/support/announcement/detail/2f6aaa5bdd764a2aa258f23297ff0cea?utm_source=AnnouncementTG&utm_medium=GlobalCommunity&utm_campaign=AnnouncementBot']
提取到的链接： ['https://www.binance.com/en/support/announcement/detail/8fae0473ae6e40ee81c4d6db38d8ce93?utm_source=AnnouncementTG&utm_medium=GlobalCommunity&utm_campaign=AnnouncementBot']
提取到的链接： ['https://www.binance.com/en/support/announcement/detail/03ad76b05c2f44aaaa9500603528a532?utm_source=AnnouncementTG&utm_medium=GlobalCommunity&utm_campaign=AnnouncementBot']
提取到的链接： ['https://www.binance.com/en/support/announcement/detail/b1860292b5aa4bf49f5000cf079f18c1?utm_source=AnnouncementTG&utm_medium=GlobalCommunity&utm_campaign=AnnouncementBot']
提取到的链接： ['https://www.binance.com/en/support/announcement/detail/ebda6a8823cd4576ae193939bab0bf60?utm_source=AnnouncementTG&utm_medium=GlobalCommunity&utm_campaign=AnnouncementBot']
提取到的链接： []
提取到的链接： []
提取到的链接： ['https://www.binance.com/en/support/announcement/detail/f3d5d97ed12c4f639019419bd891705e?utm_source=AnnouncementTG&utm_medium=GlobalCommunity&utm_campaign=AnnouncementBot']
提取到的链接： ['https://www.binance.com/en/support/announcement/detail/a3d6837813584f019b4d6ccf4f510354?utm_source=AnnouncementTG&utm_medium=GlobalCommunity&utm_campaign=AnnouncementBot']
提取到的链接： ['https://www.binance.com/en/support/announcement/detail/0989d6c7f32545bfb019e3249eaabc3f?utm_source=AnnouncementTG&utm_medium=GlobalCommunity&utm_campaign=AnnouncementBot']
提取到的链接： ['https://www.binance.com/en/support/announcement/detail/d9cb0d52d7c142a5be4f49732bd8760c?utm_source=AnnouncementTG&utm_medium=GlobalCommunity&utm_campaign=AnnouncementBot']
提取到的链接： ['https://www.binance.com/en/support/announcement/detail/51ac4bbea0d64c6698938ca93ed5abac?utm_source=AnnouncementTG&utm_medium=GlobalCommunity&utm_campaign=AnnouncementBot']
提取到的链接： ['https://www.binance.com/en/support/announcement/detail/7d38f20e2d1e456dba84352d9284699e?utm_source=AnnouncementTG&utm_medium=GlobalCommunity&utm_campaign=AnnouncementBot']
提取到的链接： ['https://www.binance.com/en/support/announcement/detail/b6a063683d5847e4af3f1505b7d29591?utm_source=AnnouncementTG&utm_medium=GlobalCommunity&utm_campaign=AnnouncementBot']
提取到的链接： ['https://www.binance.com/en/support/announcement/detail/329d995223804372963588cd9ada64b3?utm_source=AnnouncementTG&utm_medium=GlobalCommunity&utm_campaign=AnnouncementBot']
提取到的链接： ['https://www.binance.com/en/support/announcement/detail/79ea046281db4d478a5f95049bd6546b?utm_source=AnnouncementTG&utm_medium=GlobalCommunity&utm_campaign=AnnouncementBot']
提取到的链接： ['https://www.binance.com/en/support/announcement/detail/14d6edbcf4254d86aeb5e9cfbceb2db6?utm_source=AnnouncementTG&utm_medium=GlobalCommunity&utm_campaign=AnnouncementBot']
提取到的链接： ['https://www.binance.com/en/support/announcement/detail/6d1378f508614066bb3535f3f828efc6?utm_source=AnnouncementTG&utm_medium=GlobalCommunity&utm_campaign=AnnouncementBot']
提取到的链接： ['https://www.binance.com/en/support/announcement/detail/8b48c0db0eeb472ab0314377938af2dc?utm_source=AnnouncementTG&utm_medium=GlobalCommunity&utm_campaign=AnnouncementBot']
提取到的链接：Unhandled exception on handler
Traceback (most recent call last):
  File "/usr/local/python3/lib/python3.8/site-packages/telethon/client/updates.py", line 570, in _dispatch_update
    await callback(event)
  File "binance_announce_channel.py", line 81, in handler
    if clean_url:
NameError: name 'clean_url' is not defined
Unhandled exception on handler
Traceback (most recent call last):
  File "/usr/local/python3/lib/python3.8/site-packages/telethon/client/updates.py", line 570, in _dispatch_update
    await callback(event)
  File "binance_announce_channel.py", line 81, in handler
    if clean_url:
NameError: name 'clean_url' is not defined
Unhandled exception on handler
Traceback (most recent call last):
  File "/usr/local/python3/lib/python3.8/site-packages/telethon/client/updates.py", line 570, in _dispatch_update
    await callback(event)
  File "binance_announce_channel.py", line 81, in handler
    if clean_url:
NameError: name 'clean_url' is not defined
Unhandled exception on handler
Traceback (most recent call last):
  File "/usr/local/python3/lib/python3.8/site-packages/telethon/client/updates.py", line 570, in _dispatch_update
    await callback(event)
  File "binance_announce_channel.py", line 81, in handler
    if clean_url:
NameError: name 'clean_url' is not defined
Unhandled exception on handler
Traceback (most recent call last):
  File "/usr/local/python3/lib/python3.8/site-packages/telethon/client/updates.py", line 570, in _dispatch_update
    await callback(event)
  File "binance_announce_channel.py", line 81, in handler
    if clean_url:
NameError: name 'clean_url' is not defined
Unhandled exception on handler
Traceback (most recent call last):
  File "/usr/local/python3/lib/python3.8/site-packages/telethon/client/updates.py", line 570, in _dispatch_update
    await callback(event)
  File "binance_announce_channel.py", line 81, in handler
    if clean_url:
NameError: name 'clean_url' is not defined
Unhandled exception on handler
Traceback (most recent call last):
  File "/usr/local/python3/lib/python3.8/site-packages/telethon/client/updates.py", line 570, in _dispatch_update
    await callback(event)
  File "binance_announce_channel.py", line 81, in handler
    if clean_url:
NameError: name 'clean_url' is not defined
Unhandled exception on handler
Traceback (most recent call last):
  File "/usr/local/python3/lib/python3.8/site-packages/telethon/client/updates.py", line 570, in _dispatch_update
    await callback(event)
  File "binance_announce_channel.py", line 81, in handler
    if clean_url:
NameError: name 'clean_url' is not defined
Unhandled exception on handler
Traceback (most recent call last):
  File "/usr/local/python3/lib/python3.8/site-packages/telethon/client/updates.py", line 570, in _dispatch_update
    await callback(event)
  File "binance_announce_channel.py", line 81, in handler
    if clean_url:
NameError: name 'clean_url' is not defined
Unhandled exception on handler
Traceback (most recent call last):
  File "/usr/local/python3/lib/python3.8/site-packages/telethon/client/updates.py", line 570, in _dispatch_update
    await callback(event)
  File "binance_announce_channel.py", line 81, in handler
    if clean_url:
NameError: name 'clean_url' is not defined
Unhandled exception on handler
Traceback (most recent call last):
  File "/usr/local/python3/lib/python3.8/site-packages/telethon/client/updates.py", line 570, in _dispatch_update
    await callback(event)
  File "binance_announce_channel.py", line 81, in handler
    if clean_url:
NameError: name 'clean_url' is not defined
Unhandled exception on handler
Traceback (most recent call last):
  File "/usr/local/python3/lib/python3.8/site-packages/telethon/client/updates.py", line 570, in _dispatch_update
    await callback(event)
  File "binance_announce_channel.py", line 81, in handler
    if clean_url:
NameError: name 'clean_url' is not defined
Unhandled exception on handler
Traceback (most recent call last):
  File "/usr/local/python3/lib/python3.8/site-packages/telethon/client/updates.py", line 570, in _dispatch_update
    await callback(event)
  File "binance_announce_channel.py", line 81, in handler
    if clean_url:
NameError: name 'clean_url' is not defined
Unhandled exception on handler
Traceback (most recent call last):
  File "/usr/local/python3/lib/python3.8/site-packages/telethon/client/updates.py", line 570, in _dispatch_update
    await callback(event)
  File "binance_announce_channel.py", line 81, in handler
    if clean_url:
NameError: name 'clean_url' is not defined
Unhandled exception on handler
Traceback (most recent call last):
  File "/usr/local/python3/lib/python3.8/site-packages/telethon/client/updates.py", line 570, in _dispatch_update
    await callback(event)
  File "binance_announce_channel.py", line 81, in handler
    if clean_url:
NameError: name 'clean_url' is not defined
Unhandled exception on handler
Traceback (most recent call last):
  File "/usr/local/python3/lib/python3.8/site-packages/telethon/client/updates.py", line 570, in _dispatch_update
    await callback(event)
  File "binance_announce_channel.py", line 81, in handler
    if clean_url:
NameError: name 'clean_url' is not defined
Unhandled exception on handler
Traceback (most recent call last):
  File "/usr/local/python3/lib/python3.8/site-packages/telethon/client/updates.py", line 570, in _dispatch_update
    await callback(event)
  File "binance_announce_channel.py", line 81, in handler
    if clean_url:
NameError: name 'clean_url' is not defined
Unhandled exception on handler
Traceback (most recent call last):
  File "/usr/local/python3/lib/python3.8/site-packages/telethon/client/updates.py", line 570, in _dispatch_update
    await callback(event)
  File "binance_announce_channel.py", line 81, in handler
    if clean_url:
NameError: name 'clean_url' is not defined
Unhandled exception on handler
Traceback (most recent call last):
  File "/usr/local/python3/lib/python3.8/site-packages/telethon/client/updates.py", line 570, in _dispatch_update
    await callback(event)
  File "binance_announce_channel.py", line 81, in handler
    if clean_url:
NameError: name 'clean_url' is not defined
Unhandled exception on handler
Traceback (most recent call last):
  File "/usr/local/python3/lib/python3.8/site-packages/telethon/client/updates.py", line 570, in _dispatch_update
    await callback(event)
  File "binance_announce_channel.py", line 81, in handler
    if clean_url:
NameError: name 'clean_url' is not defined
Unhandled exception on handler
Traceback (most recent call last):
  File "/usr/local/python3/lib/python3.8/site-packages/telethon/client/updates.py", line 570, in _dispatch_update
    await callback(event)
  File "binance_announce_channel.py", line 81, in handler
    if clean_url:
NameError: name 'clean_url' is not defined
Unhandled exception on handler
Traceback (most recent call last):
  File "/usr/local/python3/lib/python3.8/site-packages/telethon/client/updates.py", line 570, in _dispatch_update
    await callback(event)
  File "binance_announce_channel.py", line 81, in handler
    if clean_url:
NameError: name 'clean_url' is not defined
Unhandled exception on handler
Traceback (most recent call last):
  File "/usr/local/python3/lib/python3.8/site-packages/telethon/client/updates.py", line 570, in _dispatch_update
    await callback(event)
  File "binance_announce_channel.py", line 81, in handler
    if clean_url:
NameError: name 'clean_url' is not defined
Unhandled exception on handler
Traceback (most recent call last):
  File "/usr/local/python3/lib/python3.8/site-packages/telethon/client/updates.py", line 570, in _dispatch_update
    await callback(event)
  File "binance_announce_channel.py", line 81, in handler
    if clean_url:
NameError: name 'clean_url' is not defined
Unhandled exception on handler
Traceback (most recent call last):
  File "/usr/local/python3/lib/python3.8/site-packages/telethon/client/updates.py", line 570, in _dispatch_update
    await callback(event)
  File "binance_announce_channel.py", line 81, in handler
    if clean_url:
NameError: name 'clean_url' is not defined
Unhandled exception on handler
Traceback (most recent call last):
  File "/usr/local/python3/lib/python3.8/site-packages/telethon/client/updates.py", line 570, in _dispatch_update
    await callback(event)
  File "binance_announce_channel.py", line 81, in handler
    if clean_url:
NameError: name 'clean_url' is not defined
Unhandled exception on handler
Traceback (most recent call last):
  File "/usr/local/python3/lib/python3.8/site-packages/telethon/client/updates.py", line 570, in _dispatch_update
    await callback(event)
  File "binance_announce_channel.py", line 81, in handler
    if clean_url:
NameError: name 'clean_url' is not defined
Unhandled exception on handler
Traceback (most recent call last):
  File "/usr/local/python3/lib/python3.8/site-packages/telethon/client/updates.py", line 570, in _dispatch_update
    await callback(event)
  File "binance_announce_channel.py", line 81, in handler
    if clean_url:
NameError: name 'clean_url' is not defined
Unhandled exception on handler
Traceback (most recent call last):
  File "/usr/local/python3/lib/python3.8/site-packages/telethon/client/updates.py", line 570, in _dispatch_update
    await callback(event)
  File "binance_announce_channel.py", line 81, in handler
    if clean_url:
NameError: name 'clean_url' is not defined
Unhandled exception on handler
Traceback (most recent call last):
  File "/usr/local/python3/lib/python3.8/site-packages/telethon/client/updates.py", line 570, in _dispatch_update
    await callback(event)
  File "binance_announce_channel.py", line 81, in handler
    if clean_url:
NameError: name 'clean_url' is not defined
Unhandled exception on handler
Traceback (most recent call last):
  File "/usr/local/python3/lib/python3.8/site-packages/telethon/client/updates.py", line 570, in _dispatch_update
    await callback(event)
  File "binance_announce_channel.py", line 81, in handler
    if clean_url:
NameError: name 'clean_url' is not defined
Unhandled exception on handler
Traceback (most recent call last):
  File "/usr/local/python3/lib/python3.8/site-packages/telethon/client/updates.py", line 570, in _dispatch_update
    await callback(event)
  File "binance_announce_channel.py", line 81, in handler
    if clean_url:
NameError: name 'clean_url' is not defined
Unhandled exception on handler
Traceback (most recent call last):
  File "/usr/local/python3/lib/python3.8/site-packages/telethon/client/updates.py", line 570, in _dispatch_update
    await callback(event)
  File "binance_announce_channel.py", line 81, in handler
    if clean_url:
NameError: name 'clean_url' is not defined
Unhandled exception on handler
Traceback (most recent call last):
  File "/usr/local/python3/lib/python3.8/site-packages/telethon/client/updates.py", line 570, in _dispatch_update
    await callback(event)
  File "binance_announce_channel.py", line 81, in handler
    if clean_url:
NameError: name 'clean_url' is not defined
Unhandled exception on handler
Traceback (most recent call last):
  File "/usr/local/python3/lib/python3.8/site-packages/telethon/client/updates.py", line 570, in _dispatch_update
    await callback(event)
  File "binance_announce_channel.py", line 81, in handler
    if clean_url:
NameError: name 'clean_url' is not defined
Unhandled exception on handler
Traceback (most recent call last):
  File "/usr/local/python3/lib/python3.8/site-packages/telethon/client/updates.py", line 570, in _dispatch_update
    await callback(event)
  File "binance_announce_channel.py", line 81, in handler
    if clean_url:
NameError: name 'clean_url' is not defined
Unhandled exception on handler
Traceback (most recent call last):
  File "/usr/local/python3/lib/python3.8/site-packages/telethon/client/updates.py", line 570, in _dispatch_update
    await callback(event)
  File "binance_announce_channel.py", line 81, in handler
    if clean_url:
NameError: name 'clean_url' is not defined
Unhandled exception on handler
Traceback (most recent call last):
  File "/usr/local/python3/lib/python3.8/site-packages/telethon/client/updates.py", line 570, in _dispatch_update
    await callback(event)
  File "binance_announce_channel.py", line 81, in handler
    if clean_url:
NameError: name 'clean_url' is not defined
Unhandled exception on handler
Traceback (most recent call last):
  File "/usr/local/python3/lib/python3.8/site-packages/telethon/client/updates.py", line 570, in _dispatch_update
    await callback(event)
  File "binance_announce_channel.py", line 81, in handler
    if clean_url:
NameError: name 'clean_url' is not defined
Unhandled exception on handler
Traceback (most recent call last):
  File "/usr/local/python3/lib/python3.8/site-packages/telethon/client/updates.py", line 570, in _dispatch_update
    await callback(event)
  File "binance_announce_channel.py", line 81, in handler
    if clean_url:
NameError: name 'clean_url' is not defined
Unhandled exception on handler
Traceback (most recent call last):
  File "/usr/local/python3/lib/python3.8/site-packages/telethon/client/updates.py", line 570, in _dispatch_update
    await callback(event)
  File "binance_announce_channel.py", line 81, in handler
    if clean_url:
NameError: name 'clean_url' is not defined
 ['https://www.binance.com/en/support/announcement/detail/8a45ad7144bd4efa85830fc074f85141?utm_source=AnnouncementTG&utm_medium=GlobalCommunity&utm_campaign=AnnouncementBot']
提取到的链接： ['https://www.binance.com/en/support/announcement/detail/c495a661495d4a6987630aa8b3ea82b9?utm_source=AnnouncementTG&utm_medium=GlobalCommunity&utm_campaign=AnnouncementBot']
提取到的链接： ['https://www.binance.com/en/support/announcement/detail/f3032795aacb4c6094193eb2c75bc21a?utm_source=AnnouncementTG&utm_medium=GlobalCommunity&utm_campaign=AnnouncementBot']
提取到的链接： ['https://www.binance.com/en/support/announcement/3d45a1ab541f463982d59c8de85e36b8?utm_source=AnnouncementTG&utm_medium=GlobalCommunity&utm_campaign=AnnouncementBot']
提取到的链接： ['https://www.binance.com/en/support/announcement/detail/6a6879302b1a4ef89961cc3838df8b60?utm_source=AnnouncementTG&utm_medium=GlobalCommunity&utm_campaign=AnnouncementBot']
提取到的链接： ['https://www.binance.com/en/support/announcement/detail/b9993dfcc8a04aa5932d1b87f2c06f87?utm_source=AnnouncementTG&utm_medium=GlobalCommunity&utm_campaign=AnnouncementBot']
提取到的链接： ['https://www.binance.com/en/support/announcement/detail/3217fd0a73ac4c319d9d55441a1d1de1?utm_source=AnnouncementTG&utm_medium=GlobalCommunity&utm_campaign=AnnouncementBot']
提取到的链接： ['https://www.binance.com/en/support/announcement/detail/d7c03481ae6e43c088bcab951b930053?utm_source=AnnouncementTG&utm_medium=GlobalCommunity&utm_campaign=AnnouncementBot']
提取到的链接： ['https://www.binance.com/en/support/announcement/detail/edf6004f9d084c2baf4a2d57a343140d?utm_source=AnnouncementTG&utm_medium=GlobalCommunity&utm_campaign=AnnouncementBot']
提取到的链接： ['https://www.binance.com/en/support/announcement/detail/a6d3aaf1f6af443fb99386104551f5ad?utm_source=AnnouncementTG&utm_medium=GlobalCommunity&utm_campaign=AnnouncementBot']
提取到的链接： ['https://www.binance.com/en/support/announcement/detail/1ba416b57a844c6695ba08cbe9b2fd3b?utm_source=AnnouncementTG&utm_medium=GlobalCommunity&utm_campaign=AnnouncementBot']
提取到的链接： ['https://www.binance.com/en/support/announcement/detail/e06c1ae7ac2f4415b29fcb6e5827b755?utm_source=AnnouncementTG&utm_medium=GlobalCommunity&utm_campaign=AnnouncementBot']
提取到的链接： ['https://www.binance.com/en/support/announcement/detail/c4b26640ef3b4a958d84ecc97623cbb7?utm_source=AnnouncementTG&utm_medium=GlobalCommunity&utm_campaign=AnnouncementBot']
提取到的链接： ['https://www.binance.com/en/support/announcement/detail/d5e4381605934bb98919bf542d3d6afe?utm_source=AnnouncementTG&utm_medium=GlobalCommunity&utm_campaign=AnnouncementBot']
提取到的链接： ['https://www.binance.com/en/support/announcement/detail/19ad32d07e104c0784b10ca293084535?utm_source=AnnouncementTG&utm_medium=GlobalCommunity&utm_campaign=AnnouncementBot']
提取到的链接： ['https://www.binance.com/en/support/announcement/detail/df1dc9b0e8cc4e0ab56cf318c56bc290?utm_source=AnnouncementTG&utm_medium=GlobalCommunity&utm_campaign=AnnouncementBot']
提取到的链接： ['https://www.binance.com/en/support/announcement/detail/fecf23e25d26438585365ce2fa0421a5?utm_source=AnnouncementTG&utm_medium=GlobalCommunity&utm_campaign=AnnouncementBot']
提取到的链接： ['https://www.binance.com/en/support/announcement/detail/c06f4048fd4c42f2a608ffb120ae3945?utm_source=AnnouncementTG&utm_medium=GlobalCommunity&utm_campaign=AnnouncementBot']
提取到的链接： ['https://www.binance.com/en/support/announcement/detail/66a3af3968c54ef39e3a13011e55f794?utm_source=AnnouncementTG&utm_medium=GlobalCommunity&utm_campaign=AnnouncementBot']
提取到的链接： ['https://www.binance.com/en/support/announcement/detail/0e9155bb4e144e319a7fa905e3afdf70?utm_source=AnnouncementTG&utm_medium=GlobalCommunity&utm_campaign=AnnouncementBot']
提取到的链接： ['https://www.binance.com/en/support/announcement/detail/5d33be922fc1444b92ca11ff947a0c39?utm_source=AnnouncementTG&utm_medium=GlobalCommunity&utm_campaign=AnnouncementBot']
提取到的链接： ['https://www.binance.com/en/support/announcement/detail/51588a7454e04a7d9cc61b0a1e5d6b79?utm_source=AnnouncementTG&utm_medium=GlobalCommunity&utm_campaign=AnnouncementBot']
提取到的链接： ['https://www.binance.com/en/support/announcement/detail/c4b72774a99d41f6a4bd22ecf379f2c2?utm_source=AnnouncementTG&utm_medium=GlobalCommunity&utm_campaign=AnnouncementBot']
提取到的链接： ['https://www.binance.com/en/support/announcement/detail/5f81fca2aaf94442a1aa2a0f12d3319a?utm_source=AnnouncementTG&utm_medium=GlobalCommunity&utm_campaign=AnnouncementBot']
提取到的链接： ['https://www.binance.com/en/support/announcement/detail/93c8b63c17de4dd3b60c2c895b75e332?utm_source=AnnouncementTG&utm_medium=GlobalCommunity&utm_campaign=AnnouncementBot']
提取到的链接： ['https://www.binance.com/en/support/announcement/detail/c743a57a927d4242ad19216d4839e956?utm_source=AnnouncementTG&utm_medium=GlobalCommunity&utm_campaign=AnnouncementBot']
提取到的链接： []
提取到的链接： ['https://www.binance.com/en/support/announcement/detail/16f597468cf646c09ce0f08938f94b63?utm_source=AnnouncementTG&utm_medium=GlobalCommunity&utm_campaign=AnnouncementBot']
提取到的链接： ['https://www.binance.com/en/support/announcement/detail/9de462f111c64723ac54331163e2652c?utm_source=AnnouncementTG&utm_medium=GlobalCommunity&utm_campaign=AnnouncementBot']
提取到的链接： ['https://www.binance.com/en/support/announcement/detail/2524a06863a641cc83d1ee07ad96f134?utm_source=AnnouncementTG&utm_medium=GlobalCommunity&utm_campaign=AnnouncementBot']
提取到的链接： ['https://www.binance.com/en/support/announcement/detail/062e4f4f40b043ffb9960aef3d7bee6c?utm_source=AnnouncementTG&utm_medium=GlobalCommunity&utm_campaign=AnnouncementBot']
提取到的链接： ['https://www.binance.com/en/support/announcement/detail/fe0188d944424ae68e83fd3762183263?utm_source=AnnouncementTG&utm_medium=GlobalCommunity&utm_campaign=AnnouncementBot']
提取到的链接： ['https://www.binance.com/en/support/announcement/detail/f064030ce0724ff992957b5b1a6e2a2c?utm_source=AnnouncementTG&utm_medium=GlobalCommunity&utm_campaign=AnnouncementBot']
提取到的链接： ['https://www.binance.com/en/support/announcement/detail/968961640ffa4d0bbfcdc9d07938c4ba?utm_source=AnnouncementTG&utm_medium=GlobalCommunity&utm_campaign=AnnouncementBot']
提取到的链接： ['https://www.binance.com/en/support/announcement/detail/14cd105b7732435a858851443c01bc2d?utm_source=AnnouncementTG&utm_medium=GlobalCommunity&utm_campaign=AnnouncementBot']
提取到的链接： ['https://www.binance.com/en/support/announcement/detail/3db08ab940694561b5718e2275bd90a4?utm_source=AnnouncementTG&utm_medium=GlobalCommunity&utm_campaign=AnnouncementBot']
提取到的链接： ['https://www.binance.com/en/support/announcement/detail/4b3e53810ef04d43b9d3b2216e18fb4b?utm_source=AnnouncementTG&utm_medium=GlobalCommunity&utm_campaign=AnnouncementBot']
提取到的链接： ['7heSelection ', 'https://www.binance.com/en/survey/752a08d05389426b8dca9c71f962481a?utm_source=AnnouncementTG&utm_medium=GlobalCommunity&utm_campaign=AnnouncementBot', 'utm_medium=Gl']
提取到的链接： ['https://www.binance.com/en/support/announcement/detail/775b9adfb14947a3a22c6dc07e011354?utm_source=AnnouncementTG&utm_medium=GlobalCommunity&utm_campaign=AnnouncementBot']
提取到的链接： ['https://www.binance.com/en/support/announcement/detail/d276d8b2b63248178025bc10ba8dbed6?utm_source=AnnouncementTG&utm_medium=GlobalCommunity&utm_campaign=AnnouncementBot']
提取到的链接： ['https://www.binance.com/en/support/announcement/detail/dbd9c18dbab7444b88af9d18f59be50b?utm_source=AnnouncementTG&utm_medium=GlobalCommunity&utm_campaign=AnnouncementBot']
提取到的链接： ['https://www.binance.com/en/support/announcement/detail/5c3eb70a68b841a289a5732842fb4454?utm_source=AnnouncementTG&utm_medium=GlobalCommunity&utm_campaign=AnnouncementBot']
提取到的链接： ['https://www.binanceblockchainweek.com/event/f9827cbe-16f8-478a-bc06-f4e8b783ae54/Home-BBW?utm_source=AnnouncementTG&utm_medium=GlobalCommunity&utm_campaign=AnnouncementBot']Unhandled exception on handler
Traceback (most recent call last):
  File "/usr/local/python3/lib/python3.8/site-packages/telethon/client/updates.py", line 570, in _dispatch_update
    await callback(event)
  File "binance_announce_channel.py", line 81, in handler
    if clean_url:
NameError: name 'clean_url' is not defined
Unhandled exception on handler
Traceback (most recent call last):
  File "/usr/local/python3/lib/python3.8/site-packages/telethon/client/updates.py", line 570, in _dispatch_update
    await callback(event)
  File "binance_announce_channel.py", line 81, in handler
    if clean_url:
NameError: name 'clean_url' is not defined
Unhandled exception on handler
Traceback (most recent call last):
  File "/usr/local/python3/lib/python3.8/site-packages/telethon/client/updates.py", line 570, in _dispatch_update
    await callback(event)
  File "binance_announce_channel.py", line 81, in handler
    if clean_url:
NameError: name 'clean_url' is not defined
Unhandled exception on handler
Traceback (most recent call last):
  File "/usr/local/python3/lib/python3.8/site-packages/telethon/client/updates.py", line 570, in _dispatch_update
    await callback(event)
  File "binance_announce_channel.py", line 81, in handler
    if clean_url:
NameError: name 'clean_url' is not defined
Unhandled exception on handler
Traceback (most recent call last):
  File "/usr/local/python3/lib/python3.8/site-packages/telethon/client/updates.py", line 570, in _dispatch_update
    await callback(event)
  File "binance_announce_channel.py", line 81, in handler
    if clean_url:
NameError: name 'clean_url' is not defined
Unhandled exception on handler
Traceback (most recent call last):
  File "/usr/local/python3/lib/python3.8/site-packages/telethon/client/updates.py", line 570, in _dispatch_update
    await callback(event)
  File "binance_announce_channel.py", line 81, in handler
    if clean_url:
NameError: name 'clean_url' is not defined
Unhandled exception on handler
Traceback (most recent call last):
  File "/usr/local/python3/lib/python3.8/site-packages/telethon/client/updates.py", line 570, in _dispatch_update
    await callback(event)
  File "binance_announce_channel.py", line 81, in handler
    if clean_url:
NameError: name 'clean_url' is not defined
Unhandled exception on handler
Traceback (most recent call last):
  File "/usr/local/python3/lib/python3.8/site-packages/telethon/client/updates.py", line 570, in _dispatch_update
    await callback(event)
  File "binance_announce_channel.py", line 81, in handler
    if clean_url:
NameError: name 'clean_url' is not defined
Unhandled exception on handler
Traceback (most recent call last):
  File "/usr/local/python3/lib/python3.8/site-packages/telethon/client/updates.py", line 570, in _dispatch_update
    await callback(event)
  File "binance_announce_channel.py", line 81, in handler
    if clean_url:
NameError: name 'clean_url' is not defined
Unhandled exception on handler
Traceback (most recent call last):
  File "/usr/local/python3/lib/python3.8/site-packages/telethon/client/updates.py", line 570, in _dispatch_update
    await callback(event)
  File "binance_announce_channel.py", line 81, in handler
    if clean_url:
NameError: name 'clean_url' is not defined
Unhandled exception on handler
Traceback (most recent call last):
  File "/usr/local/python3/lib/python3.8/site-packages/telethon/client/updates.py", line 570, in _dispatch_update
    await callback(event)
  File "binance_announce_channel.py", line 81, in handler
    if clean_url:
NameError: name 'clean_url' is not defined
Unhandled exception on handler
Traceback (most recent call last):
  File "/usr/local/python3/lib/python3.8/site-packages/telethon/client/updates.py", line 570, in _dispatch_update
    await callback(event)
  File "binance_announce_channel.py", line 81, in handler
    if clean_url:
NameError: name 'clean_url' is not defined
Unhandled exception on handler
Traceback (most recent call last):
  File "/usr/local/python3/lib/python3.8/site-packages/telethon/client/updates.py", line 570, in _dispatch_update
    await callback(event)
  File "binance_announce_channel.py", line 81, in handler
    if clean_url:
NameError: name 'clean_url' is not defined
Unhandled exception on handler
Traceback (most recent call last):
  File "/usr/local/python3/lib/python3.8/site-packages/telethon/client/updates.py", line 570, in _dispatch_update
    await callback(event)
  File "binance_announce_channel.py", line 81, in handler
    if clean_url:
NameError: name 'clean_url' is not defined
Unhandled exception on handler
Traceback (most recent call last):
  File "/usr/local/python3/lib/python3.8/site-packages/telethon/client/updates.py", line 570, in _dispatch_update
    await callback(event)
  File "binance_announce_channel.py", line 81, in handler
    if clean_url:
NameError: name 'clean_url' is not defined
Unhandled exception on handler
Traceback (most recent call last):
  File "/usr/local/python3/lib/python3.8/site-packages/telethon/client/updates.py", line 570, in _dispatch_update
    await callback(event)
  File "binance_announce_channel.py", line 81, in handler
    if clean_url:
NameError: name 'clean_url' is not defined
Unhandled exception on handler
Traceback (most recent call last):
  File "/usr/local/python3/lib/python3.8/site-packages/telethon/client/updates.py", line 570, in _dispatch_update
    await callback(event)
  File "binance_announce_channel.py", line 81, in handler
    if clean_url:
NameError: name 'clean_url' is not defined
Unhandled exception on handler
Traceback (most recent call last):
  File "/usr/local/python3/lib/python3.8/site-packages/telethon/client/updates.py", line 570, in _dispatch_update
    await callback(event)
  File "binance_announce_channel.py", line 81, in handler
    if clean_url:
NameError: name 'clean_url' is not defined
Unhandled exception on handler
Traceback (most recent call last):
  File "/usr/local/python3/lib/python3.8/site-packages/telethon/client/updates.py", line 570, in _dispatch_update
    await callback(event)
  File "binance_announce_channel.py", line 81, in handler
    if clean_url:
NameError: name 'clean_url' is not defined
Unhandled exception on handler
Traceback (most recent call last):
  File "/usr/local/python3/lib/python3.8/site-packages/telethon/client/updates.py", line 570, in _dispatch_update
    await callback(event)
  File "binance_announce_channel.py", line 81, in handler
    if clean_url:
NameError: name 'clean_url' is not defined
Unhandled exception on handler
Traceback (most recent call last):
  File "/usr/local/python3/lib/python3.8/site-packages/telethon/client/updates.py", line 570, in _dispatch_update
    await callback(event)
  File "binance_announce_channel.py", line 81, in handler
    if clean_url:
NameError: name 'clean_url' is not defined
Unhandled exception on handler
Traceback (most recent call last):
  File "/usr/local/python3/lib/python3.8/site-packages/telethon/client/updates.py", line 570, in _dispatch_update
    await callback(event)
  File "binance_announce_channel.py", line 81, in handler
    if clean_url:
NameError: name 'clean_url' is not defined
Unhandled exception on handler
Traceback (most recent call last):
  File "/usr/local/python3/lib/python3.8/site-packages/telethon/client/updates.py", line 570, in _dispatch_update
    await callback(event)
  File "binance_announce_channel.py", line 81, in handler
    if clean_url:
NameError: name 'clean_url' is not defined
Unhandled exception on handler
Traceback (most recent call last):
  File "/usr/local/python3/lib/python3.8/site-packages/telethon/client/updates.py", line 570, in _dispatch_update
    await callback(event)
  File "binance_announce_channel.py", line 81, in handler
    if clean_url:
NameError: name 'clean_url' is not defined
Unhandled exception on handler
Traceback (most recent call last):
  File "/usr/local/python3/lib/python3.8/site-packages/telethon/client/updates.py", line 570, in _dispatch_update
    await callback(event)
  File "binance_announce_channel.py", line 81, in handler
    if clean_url:
NameError: name 'clean_url' is not defined
Unhandled exception on handler
Traceback (most recent call last):
  File "/usr/local/python3/lib/python3.8/site-packages/telethon/client/updates.py", line 570, in _dispatch_update
    await callback(event)
  File "binance_announce_channel.py", line 81, in handler
    if clean_url:
NameError: name 'clean_url' is not defined
Unhandled exception on handler
Traceback (most recent call last):
  File "/usr/local/python3/lib/python3.8/site-packages/telethon/client/updates.py", line 570, in _dispatch_update
    await callback(event)
  File "binance_announce_channel.py", line 81, in handler
    if clean_url:
NameError: name 'clean_url' is not defined
Unhandled exception on handler
Traceback (most recent call last):
  File "/usr/local/python3/lib/python3.8/site-packages/telethon/client/updates.py", line 570, in _dispatch_update
    await callback(event)
  File "binance_announce_channel.py", line 81, in handler
    if clean_url:
NameError: name 'clean_url' is not defined
Unhandled exception on handler
Traceback (most recent call last):
  File "/usr/local/python3/lib/python3.8/site-packages/telethon/client/updates.py", line 570, in _dispatch_update
    await callback(event)
  File "binance_announce_channel.py", line 81, in handler
    if clean_url:
NameError: name 'clean_url' is not defined
Unhandled exception on handler
Traceback (most recent call last):
  File "/usr/local/python3/lib/python3.8/site-packages/telethon/client/updates.py", line 570, in _dispatch_update
    await callback(event)
  File "binance_announce_channel.py", line 81, in handler
    if clean_url:
NameError: name 'clean_url' is not defined
Unhandled exception on handler
Traceback (most recent call last):
  File "/usr/local/python3/lib/python3.8/site-packages/telethon/client/updates.py", line 570, in _dispatch_update
    await callback(event)
  File "binance_announce_channel.py", line 81, in handler
    if clean_url:
NameError: name 'clean_url' is not defined
Unhandled exception on handler
Traceback (most recent call last):
  File "/usr/local/python3/lib/python3.8/site-packages/telethon/client/updates.py", line 570, in _dispatch_update
    await callback(event)
  File "binance_announce_channel.py", line 81, in handler
    if clean_url:
NameError: name 'clean_url' is not defined
Unhandled exception on handler
Traceback (most recent call last):
  File "/usr/local/python3/lib/python3.8/site-packages/telethon/client/updates.py", line 570, in _dispatch_update
    await callback(event)
  File "binance_announce_channel.py", line 81, in handler
    if clean_url:
NameError: name 'clean_url' is not defined
Unhandled exception on handler
Traceback (most recent call last):
  File "/usr/local/python3/lib/python3.8/site-packages/telethon/client/updates.py", line 570, in _dispatch_update
    await callback(event)
  File "binance_announce_channel.py", line 81, in handler
    if clean_url:
NameError: name 'clean_url' is not defined
Unhandled exception on handler
Traceback (most recent call last):
  File "/usr/local/python3/lib/python3.8/site-packages/telethon/client/updates.py", line 570, in _dispatch_update
    await callback(event)
  File "binance_announce_channel.py", line 81, in handler
    if clean_url:
NameError: name 'clean_url' is not defined
Unhandled exception on handler
Traceback (most recent call last):
  File "/usr/local/python3/lib/python3.8/site-packages/telethon/client/updates.py", line 570, in _dispatch_update
    await callback(event)
  File "binance_announce_channel.py", line 81, in handler
    if clean_url:
NameError: name 'clean_url' is not defined
Unhandled exception on handler
Traceback (most recent call last):
  File "/usr/local/python3/lib/python3.8/site-packages/telethon/client/updates.py", line 570, in _dispatch_update
    await callback(event)
  File "binance_announce_channel.py", line 81, in handler
    if clean_url:
NameError: name 'clean_url' is not defined
Unhandled exception on handler
Traceback (most recent call last):
  File "/usr/local/python3/lib/python3.8/site-packages/telethon/client/updates.py", line 570, in _dispatch_update
    await callback(event)
  File "binance_announce_channel.py", line 81, in handler
    if clean_url:
NameError: name 'clean_url' is not defined
Unhandled exception on handler
Traceback (most recent call last):
  File "/usr/local/python3/lib/python3.8/site-packages/telethon/client/updates.py", line 570, in _dispatch_update
    await callback(event)
  File "binance_announce_channel.py", line 81, in handler
    if clean_url:
NameError: name 'clean_url' is not defined
Unhandled exception on handler
Traceback (most recent call last):
  File "/usr/local/python3/lib/python3.8/site-packages/telethon/client/updates.py", line 570, in _dispatch_update
    await callback(event)
  File "binance_announce_channel.py", line 81, in handler
    if clean_url:
NameError: name 'clean_url' is not defined
Unhandled exception on handler
Traceback (most recent call last):
  File "/usr/local/python3/lib/python3.8/site-packages/telethon/client/updates.py", line 570, in _dispatch_update
    await callback(event)
  File "binance_announce_channel.py", line 81, in handler
    if clean_url:
NameError: name 'clean_url' is not defined
Unhandled exception on handler
Traceback (most recent call last):
  File "/usr/local/python3/lib/python3.8/site-packages/telethon/client/updates.py", line 570, in _dispatch_update
    await callback(event)
  File "binance_announce_channel.py", line 81, in handler
    if clean_url:
NameError: name 'clean_url' is not defined

提取到的链接： ['https://www.binance.com/en/support/announcement/detail/ff11ba9c33e94986b890c6a47ee3dd1b?utm_source=AnnouncementTG&utm_medium=GlobalCommunity&utm_campaign=AnnouncementBot']
提取到的链接： ['https://www.binance.com/en/support/announcement/detail/10a08acaadb746228750bd7e48315f8b?utm_source=AnnouncementTG&utm_medium=GlobalCommunity&utm_campaign=AnnouncementBot']
提取到的链接： ['https://www.binance.com/en/support/announcement/detail/459cf79e5469456cb3d5607e98b2dae1?utm_source=AnnouncementTG&utm_medium=GlobalCommunity&utm_campaign=AnnouncementBot']
提取到的链接： ['https://www.binance.com/en/support/announcement/detail/c17e74d0e4494987b6f6918c66db54e7?utm_source=AnnouncementTG&utm_medium=GlobalCommunity&utm_campaign=AnnouncementBot']
提取到的链接： ['https://www.binance.com/en/support/announcement/detail/a6c810fc36424548917e146dbe21469a?utm_source=AnnouncementTG&utm_medium=GlobalCommunity&utm_campaign=AnnouncementBot']
提取到的链接： ['https://www.binance.com/en/support/announcement/detail/de87685396b44694bf6fedddc6d97cef?utm_source=AnnouncementTG&utm_medium=GlobalCommunity&utm_campaign=AnnouncementBot']
提取到的链接： ['https://www.binance.com/en/support/announcement/detail/701964bb795e4c2085422d42b0c80fd7?utm_source=AnnouncementTG&utm_medium=GlobalCommunity&utm_campaign=AnnouncementBot']
提取到的链接： ['https://www.binance.com/en/support/announcement/detail/c29182cd47534fcd8aaaf0c219a3eef9?utm_source=AnnouncementTG&utm_medium=GlobalCommunity&utm_campaign=AnnouncementBot']
提取到的链接： ['https://www.binance.com/en/support/announcement/detail/dcfebf9ef8e84ac1a1e65147fe0d6e53?utm_source=AnnouncementTG&utm_medium=GlobalCommunity&utm_campaign=AnnouncementBot']
提取到的链接： ['https://www.binance.com/en/support/announcement/detail/f9f02d830ff649e3957918b74d8947ff?utm_source=AnnouncementTG&utm_medium=GlobalCommunity&utm_campaign=AnnouncementBot']
提取到的链接： ['https://www.binance.com/en/support/announcement/detail/5014fba7f9ca4766a9dc7c03d5576b2f?utm_source=AnnouncementTG&utm_medium=GlobalCommunity&utm_campaign=AnnouncementBot']
提取到的链接： ['https://www.binance.com/en/support/announcement/detail/3196299b834b4151b309215906315a82?utm_source=AnnouncementTG&utm_medium=GlobalCommunity&utm_campaign=AnnouncementBot']
提取到的链接： ['https://www.binance.com/en/support/announcement/detail/c7bd796fe7aa49d39d2015cf8d110189?utm_source=AnnouncementTG&utm_medium=GlobalCommunity&utm_campaign=AnnouncementBot']
提取到的链接： ['https://www.binance.com/en/support/announcement/detail/261864bf37db436f98fb85556ade2bea?utm_source=AnnouncementTG&utm_medium=GlobalCommunity&utm_campaign=AnnouncementBot']
提取到的链接： ['#7heSelection', 'https://www.binance.com/en/survey/752a08d05389426b8dca9c71f962481a?utm_source=AnnouncementTG&utm_medium=GlobalCommunity&utm_campaign=AnnouncementBot', 'https://www.binance.com/en/survey/752a08d05389426b8dca9c71f962481a?utm_source=AnnouncementTG&utm_medium=GlobalCommunity&utm_campaign=AnnouncementBot']
提取到的链接： ['#7heSelection', 'https://www.binance.com/en/survey/752a08d05389426b8dca9c71f962481a?utm_source=AnnouncementTG&utm_medium=GlobalCommunity&utm_campaign=AnnouncementBot']
提取到的链接： ['#7heSelection', 'https://www.binance.com/en/blog/all/1569139008481065948?utm_source=AnnouncementTG&utm_medium=GlobalCommunity&utm_campaign=AnnouncementBot']
提取到的链接： ['https://www.binance.com/en/support/announcement/detail/efcb3160ba7a4d2aa8ad908133fe7c47?utm_source=AnnouncementTG&utm_medium=GlobalCommunity&utm_campaign=AnnouncementBot']
提取到的链接： ['https://www.binance.com/en/support/announcement/detail/36ee22f32f0b41a99a29a396d010b09e?utm_source=AnnouncementTG&utm_medium=GlobalCommunity&utm_campaign=AnnouncementBot']
提取到的链接： ['https://www.binance.com/en/support/announcement/detail/48da65d095eb44e093d856948552c402?utm_source=AnnouncementTG&utm_medium=GlobalCommunity&utm_campaign=AnnouncementBot']
提取到的链接： ['https://www.binance.com/zh-CN/support/announcement/detail/48da65d095eb44e093d856948552c402']
提取到的链接： []
提取到的链接： ['https://www.binance.com/en/support/announcement/detail/f0657357bde94936be0c0dc7e6c54d0d?utm_source=AnnouncementTG&utm_medium=GlobalCommunity&utm_campaign=AnnouncementBot']
提取到的链接： ['https://www.binance.com/en/survey/752a08d05389426b8dca9c71f962481a?utm_source=AnnouncementTG&utm_medium=GlobalCommunity&utm_campaign=AnnouncementBot']
提取到的链接： ['https://www.binance.com/en/support/announcement/detail/ac0bf54d40334e14b7fe2101590d1018?utm_source=AnnouncementTG&utm_medium=GlobalCommunity&utm_campaign=AnnouncementBot']
提取到的链接： ['https://www.binance.com/en/support/announcement/105591654043469c97c4d545cbed182e?utm_source=AnnouncementTG&utm_medium=GlobalCommunity&utm_campaign=AnnouncementBot']
提取到的链接： ['https://www.binance.com/en/support/announcement/detail/f5341a7e68bc4805a3eaa51ebcf91fc5?utm_source=AnnouncementTG&utm_medium=GlobalCommunity&utm_campaign=AnnouncementBot']
提取到的链接： ['https://www.binance.com/en/support/announcement/detail/c3e97f95dccd4326a043d4b74e96530c?utm_source=AnnouncementTG&utm_medium=GlobalCommunity&utm_campaign=AnnouncementBot']
提取到的链接： ['https://www.binance.com/en/support/announcement/detail/f8faf1c7fe35412ab7dd54f6ccd398d8?utm_source=AnnouncementTG&utm_medium=GlobalCommunity&utm_campaign=AnnouncementBot']
提取到的链接： ['https://www.binance.com/en/support/announcement/detail/3c2b9d7d17c54c698113e2ed0bcecd13?utm_source=AnnouncementTG&utm_medium=GlobalCommunity&utm_campaign=AnnouncementBot']
提取到的链接： ['https://www.binance.com/en/support/announcement/detail/3525bbe35fe3459aa7947213184bc439?utm_source=AnnouncementTG&utm_medium=GlobalCommunity&utm_campaign=AnnouncementBot']
提取到的链接： ['https://www.binance.com/en/support/announcement/detail/6aa1dc31d9d94e3292dce3c8d0ce0ce1?utm_source=AnnouncementTG&utm_medium=GlobalCommunity&utm_campaign=AnnouncementBot']
提取到的链接： ['https://www.binance.com/en/support/announcement/detail/7133ac413ebc429986a3cf8a988a7846?utm_source=AnnouncementTG&utm_medium=GlobalCommunity&utm_campaign=AnnouncementBot']
提取到的链接： ['https://www.binance.com/en/support/announcement/detail/68bb15febf37455f87e0786d47bbb838?utm_source=AnnouncementTG&utm_medium=GlobalCommunity&utm_campaign=AnnouncementBot']
提取到的链接： ['https://www.binance.com/en/support/announcement/detail/f5698969fc264525a3957baa820b7217?utm_source=AnnouncementTG&utm_medium=GlobalCommunity&utm_campaign=AnnouncementBot']
提取到的链接： ['https://www.binance.com/en/support/announcement/detail/c18b1bfd706648189e9f7ac9097351cc?utm_source=AnnouncementTG&utm_medium=GlobalCommunity&utm_campaign=AnnouncementBot']
提取到的链接： ['https://www.binance.com/en/support/announcement/detail/8bf87047cbd8478a83383f148ae5d39d?utm_source=AnnouncementTG&utm_medium=GlobalCommunity&utm_campaign=AnnouncementBot']
提取到的链接： ['https://www.binance.com/en/support/announcement/detail/d4e4771150e741af8cf92ce7b3b7ea66?utm_source=AnnouncementTG&utm_medium=GlobalCommunity&utm_campaign=AnnouncementBot']
提取到的链接： ['https://www.binance.com/en/support/announcement/detail/034e36790043428ab014d4e5bbe47fc0?utm_source=AnnouncementTG&utm_medium=GlobalCommunity&utm_campaign=AnnouncementBot']
提取到的链接： ['https://www.binance.com/en/support/announcement/detail/30a873bd50b5453bb347cd1c93b7b497?utm_source=AnnouncementTG&utm_medium=GlobalCommunity&utm_campaign=AnnouncementBot']
提取到的链接： ['https://www.binance.com/en/support/announcement/detail/a414fd64592c42d28c881b49ae5b5aca?utm_source=AnnouncementTG&utm_medium=GlobalCommunity&utm_campaign=AnnouncementBot']
提取到的链接： ['https://www.binance.com/en/support/announcement/detail/188058a795d84f89831c64972c5ea92c?utm_source=AnnouncementTG&utm_medium=GlobalCommunity&utm_campaign=AnnouncementBot']
提取到的链接： []
提取到的链接： ['https://www.binanceblockchainweek.com/event/f9827cbe-16f8-478a-bc06-f4e8b783ae54/Home-BBW?utm_source=AnnouncementTG&utm_medium=GlobalCommunity&utm_campaign=AnnouncementBot']Unhandled exception on handler
Traceback (most recent call last):
  File "/usr/local/python3/lib/python3.8/site-packages/telethon/client/updates.py", line 570, in _dispatch_update
    await callback(event)
  File "binance_announce_channel.py", line 81, in handler
    if clean_url:
NameError: name 'clean_url' is not defined
Unhandled exception on handler
Traceback (most recent call last):
  File "/usr/local/python3/lib/python3.8/site-packages/telethon/client/updates.py", line 570, in _dispatch_update
    await callback(event)
  File "binance_announce_channel.py", line 81, in handler
    if clean_url:
NameError: name 'clean_url' is not defined
Unhandled exception on handler
Traceback (most recent call last):
  File "/usr/local/python3/lib/python3.8/site-packages/telethon/client/updates.py", line 570, in _dispatch_update
    await callback(event)
  File "binance_announce_channel.py", line 81, in handler
    if clean_url:
NameError: name 'clean_url' is not defined
Unhandled exception on handler
Traceback (most recent call last):
  File "/usr/local/python3/lib/python3.8/site-packages/telethon/client/updates.py", line 570, in _dispatch_update
    await callback(event)
  File "binance_announce_channel.py", line 81, in handler
    if clean_url:
NameError: name 'clean_url' is not defined
Unhandled exception on handler
Traceback (most recent call last):
  File "/usr/local/python3/lib/python3.8/site-packages/telethon/client/updates.py", line 570, in _dispatch_update
    await callback(event)
  File "binance_announce_channel.py", line 81, in handler
    if clean_url:
NameError: name 'clean_url' is not defined
Unhandled exception on handler
Traceback (most recent call last):
  File "/usr/local/python3/lib/python3.8/site-packages/telethon/client/updates.py", line 570, in _dispatch_update
    await callback(event)
  File "binance_announce_channel.py", line 81, in handler
    if clean_url:
NameError: name 'clean_url' is not defined
Unhandled exception on handler
Traceback (most recent call last):
  File "/usr/local/python3/lib/python3.8/site-packages/telethon/client/updates.py", line 570, in _dispatch_update
    await callback(event)
  File "binance_announce_channel.py", line 81, in handler
    if clean_url:
NameError: name 'clean_url' is not defined
Unhandled exception on handler
Traceback (most recent call last):
  File "/usr/local/python3/lib/python3.8/site-packages/telethon/client/updates.py", line 570, in _dispatch_update
    await callback(event)
  File "binance_announce_channel.py", line 81, in handler
    if clean_url:
NameError: name 'clean_url' is not defined
Unhandled exception on handler
Traceback (most recent call last):
  File "/usr/local/python3/lib/python3.8/site-packages/telethon/client/updates.py", line 570, in _dispatch_update
    await callback(event)
  File "binance_announce_channel.py", line 81, in handler
    if clean_url:
NameError: name 'clean_url' is not defined
Unhandled exception on handler
Traceback (most recent call last):
  File "/usr/local/python3/lib/python3.8/site-packages/telethon/client/updates.py", line 570, in _dispatch_update
    await callback(event)
  File "binance_announce_channel.py", line 81, in handler
    if clean_url:
NameError: name 'clean_url' is not defined
Unhandled exception on handler
Traceback (most recent call last):
  File "/usr/local/python3/lib/python3.8/site-packages/telethon/client/updates.py", line 570, in _dispatch_update
    await callback(event)
  File "binance_announce_channel.py", line 81, in handler
    if clean_url:
NameError: name 'clean_url' is not defined
Unhandled exception on handler
Traceback (most recent call last):
  File "/usr/local/python3/lib/python3.8/site-packages/telethon/client/updates.py", line 570, in _dispatch_update
    await callback(event)
  File "binance_announce_channel.py", line 81, in handler
    if clean_url:
NameError: name 'clean_url' is not defined
Unhandled exception on handler
Traceback (most recent call last):
  File "/usr/local/python3/lib/python3.8/site-packages/telethon/client/updates.py", line 570, in _dispatch_update
    await callback(event)
  File "binance_announce_channel.py", line 81, in handler
    if clean_url:
NameError: name 'clean_url' is not defined
Unhandled exception on handler
Traceback (most recent call last):
  File "/usr/local/python3/lib/python3.8/site-packages/telethon/client/updates.py", line 570, in _dispatch_update
    await callback(event)
  File "binance_announce_channel.py", line 81, in handler
    if clean_url:
NameError: name 'clean_url' is not defined
Unhandled exception on handler
Traceback (most recent call last):
  File "/usr/local/python3/lib/python3.8/site-packages/telethon/client/updates.py", line 570, in _dispatch_update
    await callback(event)
  File "binance_announce_channel.py", line 81, in handler
    if clean_url:
NameError: name 'clean_url' is not defined
Unhandled exception on handler
Traceback (most recent call last):
  File "/usr/local/python3/lib/python3.8/site-packages/telethon/client/updates.py", line 570, in _dispatch_update
    await callback(event)
  File "binance_announce_channel.py", line 81, in handler
    if clean_url:
NameError: name 'clean_url' is not defined
Unhandled exception on handler
Traceback (most recent call last):
  File "/usr/local/python3/lib/python3.8/site-packages/telethon/client/updates.py", line 570, in _dispatch_update
    await callback(event)
  File "binance_announce_channel.py", line 81, in handler
    if clean_url:
NameError: name 'clean_url' is not defined
Unhandled exception on handler
Traceback (most recent call last):
  File "/usr/local/python3/lib/python3.8/site-packages/telethon/client/updates.py", line 570, in _dispatch_update
    await callback(event)
  File "binance_announce_channel.py", line 81, in handler
    if clean_url:
NameError: name 'clean_url' is not defined
Unhandled exception on handler
Traceback (most recent call last):
  File "/usr/local/python3/lib/python3.8/site-packages/telethon/client/updates.py", line 570, in _dispatch_update
    await callback(event)
  File "binance_announce_channel.py", line 81, in handler
    if clean_url:
NameError: name 'clean_url' is not defined
Unhandled exception on handler
Traceback (most recent call last):
  File "/usr/local/python3/lib/python3.8/site-packages/telethon/client/updates.py", line 570, in _dispatch_update
    await callback(event)
  File "binance_announce_channel.py", line 81, in handler
    if clean_url:
NameError: name 'clean_url' is not defined
Unhandled exception on handler
Traceback (most recent call last):
  File "/usr/local/python3/lib/python3.8/site-packages/telethon/client/updates.py", line 570, in _dispatch_update
    await callback(event)
  File "binance_announce_channel.py", line 81, in handler
    if clean_url:
NameError: name 'clean_url' is not defined
Unhandled exception on handler
Traceback (most recent call last):
  File "/usr/local/python3/lib/python3.8/site-packages/telethon/client/updates.py", line 570, in _dispatch_update
    await callback(event)
  File "binance_announce_channel.py", line 81, in handler
    if clean_url:
NameError: name 'clean_url' is not defined
Unhandled exception on handler
Traceback (most recent call last):
  File "/usr/local/python3/lib/python3.8/site-packages/telethon/client/updates.py", line 570, in _dispatch_update
    await callback(event)
  File "binance_announce_channel.py", line 81, in handler
    if clean_url:
NameError: name 'clean_url' is not defined
Unhandled exception on handler
Traceback (most recent call last):
  File "/usr/local/python3/lib/python3.8/site-packages/telethon/client/updates.py", line 570, in _dispatch_update
    await callback(event)
  File "binance_announce_channel.py", line 81, in handler
    if clean_url:
NameError: name 'clean_url' is not defined
Unhandled exception on handler
Traceback (most recent call last):
  File "/usr/local/python3/lib/python3.8/site-packages/telethon/client/updates.py", line 570, in _dispatch_update
    await callback(event)
  File "binance_announce_channel.py", line 81, in handler
    if clean_url:
NameError: name 'clean_url' is not defined
Unhandled exception on handler
Traceback (most recent call last):
  File "/usr/local/python3/lib/python3.8/site-packages/telethon/client/updates.py", line 570, in _dispatch_update
    await callback(event)
  File "binance_announce_channel.py", line 81, in handler
    if clean_url:
NameError: name 'clean_url' is not defined
Unhandled exception on handler
Traceback (most recent call last):
  File "/usr/local/python3/lib/python3.8/site-packages/telethon/client/updates.py", line 570, in _dispatch_update
    await callback(event)
  File "binance_announce_channel.py", line 81, in handler
    if clean_url:
NameError: name 'clean_url' is not defined
Unhandled exception on handler
Traceback (most recent call last):
  File "/usr/local/python3/lib/python3.8/site-packages/telethon/client/updates.py", line 570, in _dispatch_update
    await callback(event)
  File "binance_announce_channel.py", line 81, in handler
    if clean_url:
NameError: name 'clean_url' is not defined
Unhandled exception on handler
Traceback (most recent call last):
  File "/usr/local/python3/lib/python3.8/site-packages/telethon/client/updates.py", line 570, in _dispatch_update
    await callback(event)
  File "binance_announce_channel.py", line 81, in handler
    if clean_url:
NameError: name 'clean_url' is not defined
Unhandled exception on handler
Traceback (most recent call last):
  File "/usr/local/python3/lib/python3.8/site-packages/telethon/client/updates.py", line 570, in _dispatch_update
    await callback(event)
  File "binance_announce_channel.py", line 81, in handler
    if clean_url:
NameError: name 'clean_url' is not defined
Unhandled exception on handler
Traceback (most recent call last):
  File "/usr/local/python3/lib/python3.8/site-packages/telethon/client/updates.py", line 570, in _dispatch_update
    await callback(event)
  File "binance_announce_channel.py", line 81, in handler
    if clean_url:
NameError: name 'clean_url' is not defined
Unhandled exception on handler
Traceback (most recent call last):
  File "/usr/local/python3/lib/python3.8/site-packages/telethon/client/updates.py", line 570, in _dispatch_update
    await callback(event)
  File "binance_announce_channel.py", line 81, in handler
    if clean_url:
NameError: name 'clean_url' is not defined
Unhandled exception on handler
Traceback (most recent call last):
  File "/usr/local/python3/lib/python3.8/site-packages/telethon/client/updates.py", line 570, in _dispatch_update
    await callback(event)
  File "binance_announce_channel.py", line 81, in handler
    if clean_url:
NameError: name 'clean_url' is not defined
Unhandled exception on handler
Traceback (most recent call last):
  File "/usr/local/python3/lib/python3.8/site-packages/telethon/client/updates.py", line 570, in _dispatch_update
    await callback(event)
  File "binance_announce_channel.py", line 81, in handler
    if clean_url:
NameError: name 'clean_url' is not defined
Unhandled exception on handler
Traceback (most recent call last):
  File "/usr/local/python3/lib/python3.8/site-packages/telethon/client/updates.py", line 570, in _dispatch_update
    await callback(event)
  File "binance_announce_channel.py", line 81, in handler
    if clean_url:
NameError: name 'clean_url' is not defined
Unhandled exception on handler
Traceback (most recent call last):
  File "/usr/local/python3/lib/python3.8/site-packages/telethon/client/updates.py", line 570, in _dispatch_update
    await callback(event)
  File "binance_announce_channel.py", line 81, in handler
    if clean_url:
NameError: name 'clean_url' is not defined
Unhandled exception on handler
Traceback (most recent call last):
  File "/usr/local/python3/lib/python3.8/site-packages/telethon/client/updates.py", line 570, in _dispatch_update
    await callback(event)
  File "binance_announce_channel.py", line 81, in handler
    if clean_url:
NameError: name 'clean_url' is not defined
Unhandled exception on handler
Traceback (most recent call last):
  File "/usr/local/python3/lib/python3.8/site-packages/telethon/client/updates.py", line 570, in _dispatch_update
    await callback(event)
  File "binance_announce_channel.py", line 81, in handler
    if clean_url:
NameError: name 'clean_url' is not defined
Unhandled exception on handler
Traceback (most recent call last):
  File "/usr/local/python3/lib/python3.8/site-packages/telethon/client/updates.py", line 570, in _dispatch_update
    await callback(event)
  File "binance_announce_channel.py", line 81, in handler
    if clean_url:
NameError: name 'clean_url' is not defined
Unhandled exception on handler
Traceback (most recent call last):
  File "/usr/local/python3/lib/python3.8/site-packages/telethon/client/updates.py", line 570, in _dispatch_update
    await callback(event)
  File "binance_announce_channel.py", line 81, in handler
    if clean_url:
NameError: name 'clean_url' is not defined
Unhandled exception on handler
Traceback (most recent call last):
  File "/usr/local/python3/lib/python3.8/site-packages/telethon/client/updates.py", line 570, in _dispatch_update
    await callback(event)
  File "binance_announce_channel.py", line 81, in handler
    if clean_url:
NameError: name 'clean_url' is not defined
Unhandled exception on handler
Traceback (most recent call last):
  File "/usr/local/python3/lib/python3.8/site-packages/telethon/client/updates.py", line 570, in _dispatch_update
    await callback(event)
  File "binance_announce_channel.py", line 81, in handler
    if clean_url:
NameError: name 'clean_url' is not defined
Unhandled exception on handler
Traceback (most recent call last):
  File "/usr/local/python3/lib/python3.8/site-packages/telethon/client/updates.py", line 570, in _dispatch_update
    await callback(event)
  File "binance_announce_channel.py", line 81, in handler
    if clean_url:
NameError: name 'clean_url' is not defined

提取到的链接： ['https://www.binance.com/en/support/announcement/detail/29693a433b1a43a38a3112c5d73a892c?utm_source=AnnouncementTG&utm_medium=GlobalCommunity&utm_campaign=AnnouncementBot']
提取到的链接： ['https://www.binance.com/en/support/announcement/detail/bd6d5783bd614d4aaad2a499347c3ca5?utm_source=AnnouncementTG&utm_medium=GlobalCommunity&utm_campaign=AnnouncementBot']
提取到的链接： ['https://www.binance.com/en/support/announcement/detail/55ba4e6b3da34b50a637a6000a13a46b?utm_source=AnnouncementTG&utm_medium=GlobalCommunity&utm_campaign=AnnouncementBot']
提取到的链接： ['https://www.binance.com/en/support/announcement/detail/5e67d5903e854c5ba2d0eab2a8e6817f?utm_source=AnnouncementTG&utm_medium=GlobalCommunity&utm_campaign=AnnouncementBot']
提取到的链接： ['https://www.binance.com/en/support/announcement/detail/72b80e50a99d4cbfa1ece53997b7506a?utm_source=AnnouncementTG&utm_medium=GlobalCommunity&utm_campaign=AnnouncementBot']
提取到的链接： ['https://www.binance.com/en/support/announcement/detail/083775bf11cd4dd0a842fd774ddbc3ef?utm_source=AnnouncementTG&utm_medium=GlobalCommunity&utm_campaign=AnnouncementBot']
提取到的链接： ['https://www.binance.com/en/events/USDDepositCampaign?_dp=L3dlYnZpZXcvd2Vidmlldz90eXBlPWRlZmF1bHQmdXJsPWFIUjBjSE02THk5M2QzY3VZbWx1WVc1alpTNWpiMjB2WlhabGJuUnpMMVZUUkVSbGNHOXphWFJEWVcxd1lXbG5iZw?utm_source=AnnouncementTG&utm_medium=GlobalCommunity&utm_campaign=AnnouncementBot']
提取到的链接： ['https://www.binance.com/en/support/announcement/detail/71b0703621a3438fa540ad01db5a4e35?utm_source=AnnouncementTG&utm_medium=GlobalCommunity&utm_campaign=AnnouncementBot']
提取到的链接： ['https://www.binance.com/en/support/announcement/detail/3c86b6b3db0247bda2cb02266b448704?utm_source=AnnouncementTG&utm_medium=GlobalCommunity&utm_campaign=AnnouncementBot']
提取到的链接： ['https://www.binance.com/en/support/announcement/detail/d90465033b634ab7a4fbffd95434c67b?utm_source=AnnouncementTG&utm_medium=GlobalCommunity&utm_campaign=AnnouncementBot']
提取到的链接： ['https://www.binance.com/en/support/announcement/detail/15be46d7fb674c50ab80736f322a742d?utm_source=AnnouncementTG&utm_medium=GlobalCommunity&utm_campaign=AnnouncementBot']
提取到的链接： ['https://www.binance.com/en/support/announcement/detail/dd0ef8276304412cbdcffa19fa8d7cc5?utm_source=AnnouncementTG&utm_medium=GlobalCommunity&utm_campaign=AnnouncementBot']
提取到的链接： ['https://www.binance.com/en/support/announcement/detail/0146e2259e564ac5bc034ce667a4db2c?utm_source=AnnouncementTG&utm_medium=GlobalCommunity&utm_campaign=AnnouncementBot']
提取到的链接： ['https://www.binance.com/en/support/announcement/detail/f70c571dfbe547eeb7ce4d5966a15c7a?utm_source=AnnouncementTG&utm_medium=GlobalCommunity&utm_campaign=AnnouncementBot']
提取到的链接： ['https://www.binance.com/en/support/announcement/detail/ea6c4d237ad14eb38169221c01fbd992?utm_source=AnnouncementTG&utm_medium=GlobalCommunity&utm_campaign=AnnouncementBot']
提取到的链接： ['https://www.binance.com/en/support/announcement/detail/775fc10e66e7451cbf48b3872f41c070?utm_source=AnnouncementTG&utm_medium=GlobalCommunity&utm_campaign=AnnouncementBot']
提取到的链接： ['https://www.binance.com/en/support/announcement/detail/828c72283f7d430dab612bfd579f0640?utm_source=AnnouncementTG&utm_medium=GlobalCommunity&utm_campaign=AnnouncementBot']
提取到的链接： ['https://www.binance.com/en/support/announcement/detail/fc9dccdfed8a49688e30de703a8cb83b?utm_source=AnnouncementTG&utm_medium=GlobalCommunity&utm_campaign=AnnouncementBot']
提取到的链接： ['https://www.binance.com/en/support/announcement/detail/b8c4dce5da4342ee80cb5c02e57268ed?utm_source=AnnouncementTG&utm_medium=GlobalCommunity&utm_campaign=AnnouncementBot']
提取到的链接： ['https://www.binance.com/en/support/announcement/detail/404f38f0026541d5b4c82889b62b34ae?utm_source=AnnouncementTG&utm_medium=GlobalCommunity&utm_campaign=AnnouncementBot']
提取到的链接： ['https://www.binance.com/en/support/announcement/detail/e66955924e7a485f8f2eadcec08ac4a1?utm_source=AnnouncementTG&utm_medium=GlobalCommunity&utm_campaign=AnnouncementBot']
提取到的链接： ['https://www.binance.com/en/support/announcement/detail/947ed0e631d442e8bf06fcd8fc7cdba8?utm_source=AnnouncementTG&utm_medium=GlobalCommunity&utm_campaign=AnnouncementBot']
提取到的链接： ['https://www.binance.com/en/support/announcement/detail/3f3a3843cee34269b4e53b13264700ef?utm_source=AnnouncementTG&utm_medium=GlobalCommunity&utm_campaign=AnnouncementBot']
提取到的链接： ['https://www.binance.com/en/support/announcement/detail/0f74f7f8ed6142008dd47c785d68ee88?utm_source=AnnouncementTG&utm_medium=GlobalCommunity&utm_campaign=AnnouncementBot']
提取到的链接： ['https://www.binance.com/en/support/announcement/detail/c30dbc2e9f12440489459ebe7a2adb16?utm_source=AnnouncementTG&utm_medium=GlobalCommunity&utm_campaign=AnnouncementBot']
提取到的链接： ['https://www.binance.com/en/support/announcement/detail/2ceeb7bf38f446ab995b94f9ce01a2e0?utm_source=AnnouncementTG&utm_medium=GlobalCommunity&utm_campaign=AnnouncementBot']
提取到的链接： ['https://www.binance.com/en/support/announcement/detail/1e1ca71f8b3d47d19bd58b5b02ec81ab?utm_source=AnnouncementTG&utm_medium=GlobalCommunity&utm_campaign=AnnouncementBot']
提取到的链接： ['https://www.binance.com/en/support/announcement/detail/6fe74aa1c95b435990ba51f3828d351b?utm_source=AnnouncementTG&utm_medium=GlobalCommunity&utm_campaign=AnnouncementBot']
提取到的链接： ['ww.binanceblockchainweek.com\n']
提取到的链接： ['https://www.binance.com/en/support/announcement/detail/653d9eb6a6354ae4b741b51219362e63?utm_source=AnnouncementTG&utm_medium=GlobalCommunity&utm_campaign=AnnouncementBot']
提取到的链接： ['https://www.binance.com/en/support/announcement/detail/fd835b4cd95f4af89c461070994e684d?utm_source=AnnouncementTG&utm_medium=GlobalCommunity&utm_campaign=AnnouncementBot']
提取到的链接： ['https://www.binance.com/en/support/announcement/detail/3e0d16ee89f84dd7b32868a72e088870?utm_source=AnnouncementTG&utm_medium=GlobalCommunity&utm_campaign=AnnouncementBot']
提取到的链接： ['https://www.binance.com/en/support/announcement/detail/85d47f7143a64ee3b33646e7567a0812?utm_source=AnnouncementTG&utm_medium=GlobalCommunity&utm_campaign=AnnouncementBot']
提取到的链接： ['https://www.binance.com/en/support/announcement/detail/a425224253f24586be50ca88f10e2ba2?utm_source=AnnouncementTG&utm_medium=GlobalCommunity&utm_campaign=AnnouncementBot']
提取到的链接： ['https://www.binance.com/en/support/announcement/detail/52d33c3e07344e51848368a67b8e584c?utm_source=AnnouncementTG&utm_medium=GlobalCommunity&utm_campaign=AnnouncementBot']
提取到的链接： ['https://www.binance.com/en/support/announcement/detail/7826d0604f314263afcb8d2123b98c19?utm_source=AnnouncementTG&utm_medium=GlobalCommunity&utm_campaign=AnnouncementBot']
提取到的链接： ['https://www.binance.com/en/support/announcement/detail/cf86a08282344844a05d15b4a8a78d0c?utm_source=AnnouncementTG&utm_medium=GlobalCommunity&utm_campaign=AnnouncementBot']
提取到的链接： ['https://www.binance.com/en/support/announcement/detail/d1248236870e4043aa6924718b14aa3f?utm_source=AnnouncementTG&utm_medium=GlobalCommunity&utm_campaign=AnnouncementBot']
提取到的链接： ['https://www.binance.com/en/support/announcement/detail/16e04bb950d347e19b45ab773046d58a?utm_source=AnnouncementTG&utm_medium=GlobalCommunity&utm_campaign=AnnouncementBot']
提取到的链接： ['https://www.binance.com/en/blog/security/8153112227281573039?utm_source=AnnouncementTG&utm_medium=GlobalCommunity&utm_campaign=AnnouncementBot']
提取到的链接： ['https://www.binance.com/en/support/announcement/detail/01789b3311134a1596cf6d2192a4703a?utm_source=AnnouncementTG&utm_medium=GlobalCommunity&utm_campaign=AnnouncementBot']
提取到的链接： ['https://www.binance.com/en/support/announcement/detail/c98d2ab635314a3b92cdb89ba69d021f?utm_source=AnnouncementTG&utm_medium=GlobalCommunity&utm_campaign=AnnouncementBot']
提取到的链接： Unhandled exception on handler
Traceback (most recent call last):
  File "/usr/local/python3/lib/python3.8/site-packages/telethon/client/updates.py", line 570, in _dispatch_update
    await callback(event)
  File "binance_announce_channel.py", line 81, in handler
    if clean_url:
NameError: name 'clean_url' is not defined
Unhandled exception on handler
Traceback (most recent call last):
  File "/usr/local/python3/lib/python3.8/site-packages/telethon/client/updates.py", line 570, in _dispatch_update
    await callback(event)
  File "binance_announce_channel.py", line 81, in handler
    if clean_url:
NameError: name 'clean_url' is not defined
Unhandled exception on handler
Traceback (most recent call last):
  File "/usr/local/python3/lib/python3.8/site-packages/telethon/client/updates.py", line 570, in _dispatch_update
    await callback(event)
  File "binance_announce_channel.py", line 81, in handler
    if clean_url:
NameError: name 'clean_url' is not defined
Unhandled exception on handler
Traceback (most recent call last):
  File "/usr/local/python3/lib/python3.8/site-packages/telethon/client/updates.py", line 570, in _dispatch_update
    await callback(event)
  File "binance_announce_channel.py", line 81, in handler
    if clean_url:
NameError: name 'clean_url' is not defined
Unhandled exception on handler
Traceback (most recent call last):
  File "/usr/local/python3/lib/python3.8/site-packages/telethon/client/updates.py", line 570, in _dispatch_update
    await callback(event)
  File "binance_announce_channel.py", line 81, in handler
    if clean_url:
NameError: name 'clean_url' is not defined
Unhandled exception on handler
Traceback (most recent call last):
  File "/usr/local/python3/lib/python3.8/site-packages/telethon/client/updates.py", line 570, in _dispatch_update
    await callback(event)
  File "binance_announce_channel.py", line 81, in handler
    if clean_url:
NameError: name 'clean_url' is not defined
Unhandled exception on handler
Traceback (most recent call last):
  File "/usr/local/python3/lib/python3.8/site-packages/telethon/client/updates.py", line 570, in _dispatch_update
    await callback(event)
  File "binance_announce_channel.py", line 81, in handler
    if clean_url:
NameError: name 'clean_url' is not defined
Unhandled exception on handler
Traceback (most recent call last):
  File "/usr/local/python3/lib/python3.8/site-packages/telethon/client/updates.py", line 570, in _dispatch_update
    await callback(event)
  File "binance_announce_channel.py", line 81, in handler
    if clean_url:
NameError: name 'clean_url' is not defined
Unhandled exception on handler
Traceback (most recent call last):
  File "/usr/local/python3/lib/python3.8/site-packages/telethon/client/updates.py", line 570, in _dispatch_update
    await callback(event)
  File "binance_announce_channel.py", line 81, in handler
    if clean_url:
NameError: name 'clean_url' is not defined
Unhandled exception on handler
Traceback (most recent call last):
  File "/usr/local/python3/lib/python3.8/site-packages/telethon/client/updates.py", line 570, in _dispatch_update
    await callback(event)
  File "binance_announce_channel.py", line 81, in handler
    if clean_url:
NameError: name 'clean_url' is not defined
Unhandled exception on handler
Traceback (most recent call last):
  File "/usr/local/python3/lib/python3.8/site-packages/telethon/client/updates.py", line 570, in _dispatch_update
    await callback(event)
  File "binance_announce_channel.py", line 81, in handler
    if clean_url:
NameError: name 'clean_url' is not defined
Unhandled exception on handler
Traceback (most recent call last):
  File "/usr/local/python3/lib/python3.8/site-packages/telethon/client/updates.py", line 570, in _dispatch_update
    await callback(event)
  File "binance_announce_channel.py", line 81, in handler
    if clean_url:
NameError: name 'clean_url' is not defined
Unhandled exception on handler
Traceback (most recent call last):
  File "/usr/local/python3/lib/python3.8/site-packages/telethon/client/updates.py", line 570, in _dispatch_update
    await callback(event)
  File "binance_announce_channel.py", line 81, in handler
    if clean_url:
NameError: name 'clean_url' is not defined
Unhandled exception on handler
Traceback (most recent call last):
  File "/usr/local/python3/lib/python3.8/site-packages/telethon/client/updates.py", line 570, in _dispatch_update
    await callback(event)
  File "binance_announce_channel.py", line 81, in handler
    if clean_url:
NameError: name 'clean_url' is not defined
Server closed the connection: [Errno 104] Connection reset by peer
Server closed the connection: [Errno 104] Connection reset by peer
Unhandled exception on handler
Traceback (most recent call last):
  File "/usr/local/python3/lib/python3.8/site-packages/telethon/client/updates.py", line 570, in _dispatch_update
    await callback(event)
  File "binance_announce_channel.py", line 81, in handler
    if clean_url:
NameError: name 'clean_url' is not defined
Unhandled exception on handler
Traceback (most recent call last):
  File "/usr/local/python3/lib/python3.8/site-packages/telethon/client/updates.py", line 570, in _dispatch_update
    await callback(event)
  File "binance_announce_channel.py", line 81, in handler
    if clean_url:
NameError: name 'clean_url' is not defined
Unhandled exception on handler
Traceback (most recent call last):
  File "/usr/local/python3/lib/python3.8/site-packages/telethon/client/updates.py", line 570, in _dispatch_update
    await callback(event)
  File "binance_announce_channel.py", line 81, in handler
    if clean_url:
NameError: name 'clean_url' is not defined
Unhandled exception on handler
Traceback (most recent call last):
  File "/usr/local/python3/lib/python3.8/site-packages/telethon/client/updates.py", line 570, in _dispatch_update
    await callback(event)
  File "binance_announce_channel.py", line 81, in handler
    if clean_url:
NameError: name 'clean_url' is not defined
Unhandled exception on handler
Traceback (most recent call last):
  File "/usr/local/python3/lib/python3.8/site-packages/telethon/client/updates.py", line 570, in _dispatch_update
    await callback(event)
  File "binance_announce_channel.py", line 81, in handler
    if clean_url:
NameError: name 'clean_url' is not defined
Unhandled exception on handler
Traceback (most recent call last):
  File "/usr/local/python3/lib/python3.8/site-packages/telethon/client/updates.py", line 570, in _dispatch_update
    await callback(event)
  File "binance_announce_channel.py", line 81, in handler
    if clean_url:
NameError: name 'clean_url' is not defined
Unhandled exception on handler
Traceback (most recent call last):
  File "/usr/local/python3/lib/python3.8/site-packages/telethon/client/updates.py", line 570, in _dispatch_update
    await callback(event)
  File "binance_announce_channel.py", line 81, in handler
    if clean_url:
NameError: name 'clean_url' is not defined
Unhandled exception on handler
Traceback (most recent call last):
  File "/usr/local/python3/lib/python3.8/site-packages/telethon/client/updates.py", line 570, in _dispatch_update
    await callback(event)
  File "binance_announce_channel.py", line 81, in handler
    if clean_url:
NameError: name 'clean_url' is not defined
Unhandled exception on handler
Traceback (most recent call last):
  File "/usr/local/python3/lib/python3.8/site-packages/telethon/client/updates.py", line 570, in _dispatch_update
    await callback(event)
  File "binance_announce_channel.py", line 81, in handler
    if clean_url:
NameError: name 'clean_url' is not defined
Unhandled exception on handler
Traceback (most recent call last):
  File "/usr/local/python3/lib/python3.8/site-packages/telethon/client/updates.py", line 570, in _dispatch_update
    await callback(event)
  File "binance_announce_channel.py", line 81, in handler
    if clean_url:
NameError: name 'clean_url' is not defined
Unhandled exception on handler
Traceback (most recent call last):
  File "/usr/local/python3/lib/python3.8/site-packages/telethon/client/updates.py", line 570, in _dispatch_update
    await callback(event)
  File "binance_announce_channel.py", line 81, in handler
    if clean_url:
NameError: name 'clean_url' is not defined
Unhandled exception on handler
Traceback (most recent call last):
  File "/usr/local/python3/lib/python3.8/site-packages/telethon/client/updates.py", line 570, in _dispatch_update
    await callback(event)
  File "binance_announce_channel.py", line 81, in handler
    if clean_url:
NameError: name 'clean_url' is not defined
Unhandled exception on handler
Traceback (most recent call last):
  File "/usr/local/python3/lib/python3.8/site-packages/telethon/client/updates.py", line 570, in _dispatch_update
    await callback(event)
  File "binance_announce_channel.py", line 81, in handler
    if clean_url:
NameError: name 'clean_url' is not defined
Unhandled exception on handler
Traceback (most recent call last):
  File "/usr/local/python3/lib/python3.8/site-packages/telethon/client/updates.py", line 570, in _dispatch_update
    await callback(event)
  File "binance_announce_channel.py", line 81, in handler
    if clean_url:
NameError: name 'clean_url' is not defined
Unhandled exception on handler
Traceback (most recent call last):
  File "/usr/local/python3/lib/python3.8/site-packages/telethon/client/updates.py", line 570, in _dispatch_update
    await callback(event)
  File "binance_announce_channel.py", line 81, in handler
    if clean_url:
NameError: name 'clean_url' is not defined
Unhandled exception on handler
Traceback (most recent call last):
  File "/usr/local/python3/lib/python3.8/site-packages/telethon/client/updates.py", line 570, in _dispatch_update
    await callback(event)
  File "binance_announce_channel.py", line 81, in handler
    if clean_url:
NameError: name 'clean_url' is not defined
Unhandled exception on handler
Traceback (most recent call last):
  File "/usr/local/python3/lib/python3.8/site-packages/telethon/client/updates.py", line 570, in _dispatch_update
    await callback(event)
  File "binance_announce_channel.py", line 81, in handler
    if clean_url:
NameError: name 'clean_url' is not defined
Unhandled exception on handler
Traceback (most recent call last):
  File "/usr/local/python3/lib/python3.8/site-packages/telethon/client/updates.py", line 570, in _dispatch_update
    await callback(event)
  File "binance_announce_channel.py", line 81, in handler
    if clean_url:
NameError: name 'clean_url' is not defined
Unhandled exception on handler
Traceback (most recent call last):
  File "/usr/local/python3/lib/python3.8/site-packages/telethon/client/updates.py", line 570, in _dispatch_update
    await callback(event)
  File "binance_announce_channel.py", line 81, in handler
    if clean_url:
NameError: name 'clean_url' is not defined
Unhandled exception on handler
Traceback (most recent call last):
  File "/usr/local/python3/lib/python3.8/site-packages/telethon/client/updates.py", line 570, in _dispatch_update
    await callback(event)
  File "binance_announce_channel.py", line 81, in handler
    if clean_url:
NameError: name 'clean_url' is not defined
Unhandled exception on handler
Traceback (most recent call last):
  File "/usr/local/python3/lib/python3.8/site-packages/telethon/client/updates.py", line 570, in _dispatch_update
    await callback(event)
  File "binance_announce_channel.py", line 81, in handler
    if clean_url:
NameError: name 'clean_url' is not defined
Unhandled exception on handler
Traceback (most recent call last):
  File "/usr/local/python3/lib/python3.8/site-packages/telethon/client/updates.py", line 570, in _dispatch_update
    await callback(event)
  File "binance_announce_channel.py", line 81, in handler
    if clean_url:
NameError: name 'clean_url' is not defined
Unhandled exception on handler
Traceback (most recent call last):
  File "/usr/local/python3/lib/python3.8/site-packages/telethon/client/updates.py", line 570, in _dispatch_update
    await callback(event)
  File "binance_announce_channel.py", line 81, in handler
    if clean_url:
NameError: name 'clean_url' is not defined
Unhandled exception on handler
Traceback (most recent call last):
  File "/usr/local/python3/lib/python3.8/site-packages/telethon/client/updates.py", line 570, in _dispatch_update
    await callback(event)
  File "binance_announce_channel.py", line 81, in handler
    if clean_url:
NameError: name 'clean_url' is not defined
Unhandled exception on handler
Traceback (most recent call last):
  File "/usr/local/python3/lib/python3.8/site-packages/telethon/client/updates.py", line 570, in _dispatch_update
    await callback(event)
  File "binance_announce_channel.py", line 81, in handler
    if clean_url:
NameError: name 'clean_url' is not defined
Unhandled exception on handler
Traceback (most recent call last):
  File "/usr/local/python3/lib/python3.8/site-packages/telethon/client/updates.py", line 570, in _dispatch_update
    await callback(event)
  File "binance_announce_channel.py", line 81, in handler
    if clean_url:
NameError: name 'clean_url' is not defined
['https://www.binance.com/en/support/announcement/detail/47be371a07a448a2807abca9bd431fee?utm_source=AnnouncementTG&utm_medium=GlobalCommunity&utm_campaign=AnnouncementBot']
提取到的链接： ['https://www.binance.com/en/support/announcement/detail/74d5eb68d5a4459abfe574c309c641f1?utm_source=AnnouncementTG&utm_medium=GlobalCommunity&utm_campaign=AnnouncementBot']
提取到的链接： ['https://www.binance.com/en/support/announcement/detail/111b19f546824f80aa60840496521469?utm_source=AnnouncementTG&utm_medium=GlobalCommunity&utm_campaign=AnnouncementBot']
提取到的链接： ['https://www.binance.com/en/support/announcement/detail/a0f61195baff42a0aa8e53459f9e6366?utm_source=AnnouncementTG&utm_medium=GlobalCommunity&utm_campaign=AnnouncementBot']
提取到的链接： ['https://www.binance.com/en/support/announcement/detail/7c0a5ccac7ce4b7994c5905a594b88cc?utm_source=AnnouncementTG&utm_medium=GlobalCommunity&utm_campaign=AnnouncementBot']
提取到的链接： ['https://www.binance.com/en/support/announcement/detail/b879567556f24f7da26135531ec49879?utm_source=AnnouncementTG&utm_medium=GlobalCommunity&utm_campaign=AnnouncementBot']
提取到的链接： ['https://www.binance.com/en/support/announcement/detail/4e544f84e3794ebc892bb4ada8f009b7?utm_source=AnnouncementTG&utm_medium=GlobalCommunity&utm_campaign=AnnouncementBot']
提取到的链接： ['https://www.binance.com/en/support/announcement/detail/72d8fc5f5f0e4665b6837f7ada2c34c2?utm_source=AnnouncementTG&utm_medium=GlobalCommunity&utm_campaign=AnnouncementBot']
提取到的链接： ['**Your prediction skills = BNB rewar', ' our** BNB Price Prediction Act', 'gram and** win', 'ome BNB!**\n\n', 'https://t.me/BinanceExchange', 'https://t.me/Binance_Price_Prediction_Bot?start=start', 'e', '_Price_P', '_Price_P', 'rediction_Bot', 'tart=start) to th', 'h the bot\n 3️⃣ Submit ', ' using the command:__ ', '>__\n\n**📅 Game Timeline', '*\n 🕛 Starts: **19 November, 12', 'TC**\n ⏳ Ends: ', 'er, 12 PM UTC', ' Predict the price', 'M UTC**\n\n**🏆 Total']
提取到的链接： ['https://www.binance.com/en/support/announcement/detail/e7e965dc3ca74b63bf0e216ca38a0ff7?utm_source=AnnouncementTG&utm_medium=GlobalCommunity&utm_campaign=AnnouncementBot']
提取到的链接： ['https://www.binance.com/en/support/announcement/detail/a7bb3bb073dd42ae9440173eb20e3d65?utm_source=AnnouncementTG&utm_medium=GlobalCommunity&utm_campaign=AnnouncementBot']
提取到的链接： ['https://www.binance.com/en/support/announcement/detail/521a5c9a251e4d509449c4ce494d7dcf?utm_source=AnnouncementTG&utm_medium=GlobalCommunity&utm_campaign=AnnouncementBot']
提取到的链接： ['https://www.binance.com/en/support/announcement/detail/6415742dd94842578231b67b14b839ed?utm_source=AnnouncementTG&utm_medium=GlobalCommunity&utm_campaign=AnnouncementBot']
提取到的链接： ['https://www.binanceblockchainweek.com/zRYN49?utm_source=AnnouncementTG&utm_medium=GlobalCommunity&utm_campaign=AnnouncementBot']
提取到的链接： ['https://www.binance.com/en/support/announcement/detail/36daa4379a0541b8aaf6eb5ede6581ea?utm_source=AnnouncementTG&utm_medium=GlobalCommunity&utm_campaign=AnnouncementBot']
提取到的链接： ['https://www.binance.com/en/support/announcement/detail/52f3f46bcef843318779c1ed4134c805?utm_source=AnnouncementTG&utm_medium=GlobalCommunity&utm_campaign=AnnouncementBot']
提取到的链接： ['https://www.binance.com/en/support/announcement/detail/377db7e50e3f4038bdc675bf9d0c07cb?utm_source=AnnouncementTG&utm_medium=GlobalCommunity&utm_campaign=AnnouncementBot']
提取到的链接： ['https://www.binance.com/en/support/announcement/detail/37340a46efc747968a9c085551dbf90c?utm_source=AnnouncementTG&utm_medium=GlobalCommunity&utm_campaign=AnnouncementBot']
提取到的链接： ['https://www.binance.com/en/support/announcement/detail/040dc990e16948d1bf1b819f4b34e540?utm_source=AnnouncementTG&utm_medium=GlobalCommunity&utm_campaign=AnnouncementBot']
提取到的链接： ['https://www.binance.com/en/support/announcement/detail/2ec57d91162e464b94461e5fa7a04bc0?utm_source=AnnouncementTG&utm_medium=GlobalCommunity&utm_campaign=AnnouncementBot']
提取到的链接： ['https://www.binance.com/en/support/announcement/detail/54263e94be8b4e82bcee9bd14f793e87?utm_source=AnnouncementTG&utm_medium=GlobalCommunity&utm_campaign=AnnouncementBot']
提取到的链接： ['https://www.binance.com/en/support/announcement/detail/304bf060ead8405594324436017d9ec5?utm_source=AnnouncementTG&utm_medium=GlobalCommunity&utm_campaign=AnnouncementBot']
提取到的链接： ['https://www.binance.com/en/support/announcement/detail/fb39f3a27d184d0ba0e8d0c33d891ed2?utm_source=AnnouncementTG&utm_medium=GlobalCommunity&utm_campaign=AnnouncementBot']
提取到的链接： ['https://www.binance.com/en/support/announcement/detail/7ca31e43faaf410c9795e66c2bca10cb?utm_source=AnnouncementTG&utm_medium=GlobalCommunity&utm_campaign=AnnouncementBot']
提取到的链接： ['https://www.binance.com/en/support/announcement/detail/ae5a6fd0f9f749e3a856f7729f67ad1f?utm_source=AnnouncementTG&utm_medium=GlobalCommunity&utm_campaign=AnnouncementBot']
提取到的链接： ['https://www.binance.com/en/support/announcement/detail/3306bff6bb9e4dd4a49cdbc3ceb8f09a?utm_source=AnnouncementTG&utm_medium=GlobalCommunity&utm_campaign=AnnouncementBot']
提取到的链接： ['https://www.binance.com/en/support/announcement/detail/7109effe6ac645fdb159288de6958007?utm_source=AnnouncementTG&utm_medium=GlobalCommunity&utm_campaign=AnnouncementBot']
提取到的链接： ['https://www.binance.com/en/support/announcement/detail/bacf8be85c0245e9ac3e092a1036632a?utm_source=AnnouncementTG&utm_medium=GlobalCommunity&utm_campaign=AnnouncementBot']
提取到的链接： ['https://www.binance.com/en/support/announcement/detail/f45e7189c2d5445291405a4a762dc229?utm_source=AnnouncementTG&utm_medium=GlobalCommunity&utm_campaign=AnnouncementBot']
提取到的链接： ['https://www.binance.com/en/support/announcement/detail/30a250d7bef548958eaabfe004121445?utm_source=AnnouncementTG&utm_medium=GlobalCommunity&utm_campaign=AnnouncementBot']
提取到的链接： ['https://www.binance.com/en/support/announcement/detail/c6244eb056034b40b721a125f8eee7f3?utm_source=AnnouncementTG&utm_medium=GlobalCommunity&utm_campaign=AnnouncementBot']
提取到的链接： ['https://binance.com/en/blog/tech/440154491156022032?ref=AZTKZ9XS&utm_source=BinanceTwitter&utm_medium=GlobalCommunity&utm_campaign=crypto-analyser']
提取到的链接： ['https://www.binance.com/en/support/announcement/detail/61431c42b01b41da9443c251cc0a95f0?utm_source=AnnouncementTG&utm_medium=GlobalCommunity&utm_campaign=AnnouncementBot']
提取到的链接： ['https://www.binance.com/en/support/announcement/detail/00807d73e2674e71ad02e9247f3c39b6?utm_source=AnnouncementTG&utm_medium=GlobalCommunity&utm_campaign=AnnouncementBot']
提取到的链接： ['https://www.binance.com/en/support/announcement/detail/b0c65316e2bc4878838852b16291d07b?utm_source=AnnouncementTG&utm_medium=GlobalCommunity&utm_campaign=AnnouncementBot']
提取到的链接： ['https://www.binance.com/en/support/announcement/detail/ac8aeb447e5a409d9bad4935ee5a7e9b?utm_source=AnnouncementTG&utm_medium=GlobalCommunity&utm_campaign=AnnouncementBot']
提取到的链接： ['https://www.binance.com/en/support/announcement/detail/2f67d968fb744180b09a3ee01fc75feb?utm_source=AnnouncementTG&utm_medium=GlobalCommunity&utm_campaign=AnnouncementBot']
提取到的链接： ['https://www.binance.com/en/support/announcement/detail/cd7a4840c0e14877b07f890cdc06baf8?utm_source=AnnouncementTG&utm_medium=GlobalCommunity&utm_campaign=AnnouncementBot']
提取到的链接： ['https://www.binance.com/en/support/announcement/detail/0948ad7ef8a04e638c89c047f369b11c?utm_source=AnnouncementTG&utm_medium=GlobalCommunity&utm_campaign=AnnouncementBot']
提取到的链接： ['https://www.binance.com/en/support/announcement/detail/d446279c652b463c8cd8bae361ac43b9?utm_source=AnnouncementTG&utm_medium=GlobalCommunity&utm_campaign=AnnouncementBot']
提取到的链接： ['https://www.binance.com/en/support/announcement/detail/86a6ac064f6045169c79dca6bac2616d?utm_source=AnnouncementTG&utm_medium=GlobalCommunity&utm_campaign=AnnouncementBot']Unhandled exception on handler
Traceback (most recent call last):
  File "/usr/local/python3/lib/python3.8/site-packages/telethon/client/updates.py", line 570, in _dispatch_update
    await callback(event)
  File "binance_announce_channel.py", line 81, in handler
    if clean_url:
NameError: name 'clean_url' is not defined
Unhandled exception on handler
Traceback (most recent call last):
  File "/usr/local/python3/lib/python3.8/site-packages/telethon/client/updates.py", line 570, in _dispatch_update
    await callback(event)
  File "binance_announce_channel.py", line 81, in handler
    if clean_url:
NameError: name 'clean_url' is not defined
Unhandled exception on handler
Traceback (most recent call last):
  File "/usr/local/python3/lib/python3.8/site-packages/telethon/client/updates.py", line 570, in _dispatch_update
    await callback(event)
  File "binance_announce_channel.py", line 81, in handler
    if clean_url:
NameError: name 'clean_url' is not defined
Unhandled exception on handler
Traceback (most recent call last):
  File "/usr/local/python3/lib/python3.8/site-packages/telethon/client/updates.py", line 570, in _dispatch_update
    await callback(event)
  File "binance_announce_channel.py", line 81, in handler
    if clean_url:
NameError: name 'clean_url' is not defined
Unhandled exception on handler
Traceback (most recent call last):
  File "/usr/local/python3/lib/python3.8/site-packages/telethon/client/updates.py", line 570, in _dispatch_update
    await callback(event)
  File "binance_announce_channel.py", line 81, in handler
    if clean_url:
NameError: name 'clean_url' is not defined
Unhandled exception on handler
Traceback (most recent call last):
  File "/usr/local/python3/lib/python3.8/site-packages/telethon/client/updates.py", line 570, in _dispatch_update
    await callback(event)
  File "binance_announce_channel.py", line 81, in handler
    if clean_url:
NameError: name 'clean_url' is not defined
Server closed the connection: [Errno 104] Connection reset by peer
Unhandled exception on handler
Traceback (most recent call last):
  File "/usr/local/python3/lib/python3.8/site-packages/telethon/client/updates.py", line 570, in _dispatch_update
    await callback(event)
  File "binance_announce_channel.py", line 81, in handler
    if clean_url:
NameError: name 'clean_url' is not defined
Unhandled exception on handler
Traceback (most recent call last):
  File "/usr/local/python3/lib/python3.8/site-packages/telethon/client/updates.py", line 570, in _dispatch_update
    await callback(event)
  File "binance_announce_channel.py", line 81, in handler
    if clean_url:
NameError: name 'clean_url' is not defined
Unhandled exception on handler
Traceback (most recent call last):
  File "/usr/local/python3/lib/python3.8/site-packages/telethon/client/updates.py", line 570, in _dispatch_update
    await callback(event)
  File "binance_announce_channel.py", line 81, in handler
    if clean_url:
NameError: name 'clean_url' is not defined
Unhandled exception on handler
Traceback (most recent call last):
  File "/usr/local/python3/lib/python3.8/site-packages/telethon/client/updates.py", line 570, in _dispatch_update
    await callback(event)
  File "binance_announce_channel.py", line 81, in handler
    if clean_url:
NameError: name 'clean_url' is not defined
Unhandled exception on handler
Traceback (most recent call last):
  File "/usr/local/python3/lib/python3.8/site-packages/telethon/client/updates.py", line 570, in _dispatch_update
    await callback(event)
  File "binance_announce_channel.py", line 81, in handler
    if clean_url:
NameError: name 'clean_url' is not defined
Unhandled exception on handler
Traceback (most recent call last):
  File "/usr/local/python3/lib/python3.8/site-packages/telethon/client/updates.py", line 570, in _dispatch_update
    await callback(event)
  File "binance_announce_channel.py", line 81, in handler
    if clean_url:
NameError: name 'clean_url' is not defined
Unhandled exception on handler
Traceback (most recent call last):
  File "/usr/local/python3/lib/python3.8/site-packages/telethon/client/updates.py", line 570, in _dispatch_update
    await callback(event)
  File "binance_announce_channel.py", line 81, in handler
    if clean_url:
NameError: name 'clean_url' is not defined
Unhandled exception on handler
Traceback (most recent call last):
  File "/usr/local/python3/lib/python3.8/site-packages/telethon/client/updates.py", line 570, in _dispatch_update
    await callback(event)
  File "binance_announce_channel.py", line 81, in handler
    if clean_url:
NameError: name 'clean_url' is not defined
Unhandled exception on handler
Traceback (most recent call last):
  File "/usr/local/python3/lib/python3.8/site-packages/telethon/client/updates.py", line 570, in _dispatch_update
    await callback(event)
  File "binance_announce_channel.py", line 81, in handler
    if clean_url:
NameError: name 'clean_url' is not defined
Unhandled exception on handler
Traceback (most recent call last):
  File "/usr/local/python3/lib/python3.8/site-packages/telethon/client/updates.py", line 570, in _dispatch_update
    await callback(event)
  File "binance_announce_channel.py", line 81, in handler
    if clean_url:
NameError: name 'clean_url' is not defined
Unhandled exception on handler
Traceback (most recent call last):
  File "/usr/local/python3/lib/python3.8/site-packages/telethon/client/updates.py", line 570, in _dispatch_update
    await callback(event)
  File "binance_announce_channel.py", line 81, in handler
    if clean_url:
NameError: name 'clean_url' is not defined
Unhandled exception on handler
Traceback (most recent call last):
  File "/usr/local/python3/lib/python3.8/site-packages/telethon/client/updates.py", line 570, in _dispatch_update
    await callback(event)
  File "binance_announce_channel.py", line 81, in handler
    if clean_url:
NameError: name 'clean_url' is not defined
Unhandled exception on handler
Traceback (most recent call last):
  File "/usr/local/python3/lib/python3.8/site-packages/telethon/client/updates.py", line 570, in _dispatch_update
    await callback(event)
  File "binance_announce_channel.py", line 81, in handler
    if clean_url:
NameError: name 'clean_url' is not defined
Unhandled exception on handler
Traceback (most recent call last):
  File "/usr/local/python3/lib/python3.8/site-packages/telethon/client/updates.py", line 570, in _dispatch_update
    await callback(event)
  File "binance_announce_channel.py", line 81, in handler
    if clean_url:
NameError: name 'clean_url' is not defined
Unhandled exception on handler
Traceback (most recent call last):
  File "/usr/local/python3/lib/python3.8/site-packages/telethon/client/updates.py", line 570, in _dispatch_update
    await callback(event)
  File "binance_announce_channel.py", line 81, in handler
    if clean_url:
NameError: name 'clean_url' is not defined
Unhandled exception on handler
Traceback (most recent call last):
  File "/usr/local/python3/lib/python3.8/site-packages/telethon/client/updates.py", line 570, in _dispatch_update
    await callback(event)
  File "binance_announce_channel.py", line 81, in handler
    if clean_url:
NameError: name 'clean_url' is not defined
Unhandled exception on handler
Traceback (most recent call last):
  File "/usr/local/python3/lib/python3.8/site-packages/telethon/client/updates.py", line 570, in _dispatch_update
    await callback(event)
  File "binance_announce_channel.py", line 81, in handler
    if clean_url:
NameError: name 'clean_url' is not defined
Unhandled exception on handler
Traceback (most recent call last):
  File "/usr/local/python3/lib/python3.8/site-packages/telethon/client/updates.py", line 570, in _dispatch_update
    await callback(event)
  File "binance_announce_channel.py", line 81, in handler
    if clean_url:
NameError: name 'clean_url' is not defined
Unhandled exception on handler
Traceback (most recent call last):
  File "/usr/local/python3/lib/python3.8/site-packages/telethon/client/updates.py", line 570, in _dispatch_update
    await callback(event)
  File "binance_announce_channel.py", line 81, in handler
    if clean_url:
NameError: name 'clean_url' is not defined
Unhandled exception on handler
Traceback (most recent call last):
  File "/usr/local/python3/lib/python3.8/site-packages/telethon/client/updates.py", line 570, in _dispatch_update
    await callback(event)
  File "binance_announce_channel.py", line 81, in handler
    if clean_url:
NameError: name 'clean_url' is not defined
Unhandled exception on handler
Traceback (most recent call last):
  File "/usr/local/python3/lib/python3.8/site-packages/telethon/client/updates.py", line 570, in _dispatch_update
    await callback(event)
  File "binance_announce_channel.py", line 81, in handler
    if clean_url:
NameError: name 'clean_url' is not defined
Unhandled exception on handler
Traceback (most recent call last):
  File "/usr/local/python3/lib/python3.8/site-packages/telethon/client/updates.py", line 570, in _dispatch_update
    await callback(event)
  File "binance_announce_channel.py", line 81, in handler
    if clean_url:
NameError: name 'clean_url' is not defined
Unhandled exception on handler
Traceback (most recent call last):
  File "/usr/local/python3/lib/python3.8/site-packages/telethon/client/updates.py", line 570, in _dispatch_update
    await callback(event)
  File "binance_announce_channel.py", line 81, in handler
    if clean_url:
NameError: name 'clean_url' is not defined
Unhandled exception on handler
Traceback (most recent call last):
  File "/usr/local/python3/lib/python3.8/site-packages/telethon/client/updates.py", line 570, in _dispatch_update
    await callback(event)
  File "binance_announce_channel.py", line 81, in handler
    if clean_url:
NameError: name 'clean_url' is not defined
Unhandled exception on handler
Traceback (most recent call last):
  File "/usr/local/python3/lib/python3.8/site-packages/telethon/client/updates.py", line 570, in _dispatch_update
    await callback(event)
  File "binance_announce_channel.py", line 81, in handler
    if clean_url:
NameError: name 'clean_url' is not defined
Unhandled exception on handler
Traceback (most recent call last):
  File "/usr/local/python3/lib/python3.8/site-packages/telethon/client/updates.py", line 570, in _dispatch_update
    await callback(event)
  File "binance_announce_channel.py", line 81, in handler
    if clean_url:
NameError: name 'clean_url' is not defined
Unhandled exception on handler
Traceback (most recent call last):
  File "/usr/local/python3/lib/python3.8/site-packages/telethon/client/updates.py", line 570, in _dispatch_update
    await callback(event)
  File "binance_announce_channel.py", line 81, in handler
    if clean_url:
NameError: name 'clean_url' is not defined
Unhandled exception on handler
Traceback (most recent call last):
  File "/usr/local/python3/lib/python3.8/site-packages/telethon/client/updates.py", line 570, in _dispatch_update
    await callback(event)
  File "binance_announce_channel.py", line 81, in handler
    if clean_url:
NameError: name 'clean_url' is not defined
Unhandled exception on handler
Traceback (most recent call last):
  File "/usr/local/python3/lib/python3.8/site-packages/telethon/client/updates.py", line 570, in _dispatch_update
    await callback(event)
  File "binance_announce_channel.py", line 81, in handler
    if clean_url:
NameError: name 'clean_url' is not defined
Unhandled exception on handler
Traceback (most recent call last):
  File "/usr/local/python3/lib/python3.8/site-packages/telethon/client/updates.py", line 570, in _dispatch_update
    await callback(event)
  File "binance_announce_channel.py", line 81, in handler
    if clean_url:
NameError: name 'clean_url' is not defined
Unhandled exception on handler
Traceback (most recent call last):
  File "/usr/local/python3/lib/python3.8/site-packages/telethon/client/updates.py", line 570, in _dispatch_update
    await callback(event)
  File "binance_announce_channel.py", line 81, in handler
    if clean_url:
NameError: name 'clean_url' is not defined

提取到的链接： ['https://www.binance.com/en/support/announcement/detail/aa4ed202cc2c44d4813b8966ae93fb83?utm_source=AnnouncementTG&utm_medium=GlobalCommunity&utm_campaign=AnnouncementBot']
提取到的链接： ['https://www.binance.com/en/support/announcement/detail/21fab8e9db5f4dd8a1446e1a3eb6ceb1?utm_source=AnnouncementTG&utm_medium=GlobalCommunity&utm_campaign=AnnouncementBot']
提取到的链接： ['https://www.binance.com/en/support/announcement/detail/d106568ba9114776ae1e0cb9235968f3?utm_source=AnnouncementTG&utm_medium=GlobalCommunity&utm_campaign=AnnouncementBot']
提取到的链接： ['https://www.binance.com/en/support/announcement/aec9353b427f4b1ab42415e770e2eb5a?utm_source=AnnouncementTG&utm_medium=GlobalCommunity&utm_campaign=AnnouncementBot']
提取到的链接： ['https://www.binance.com/en/support/announcement/detail/c1ae43bf59b848e2b105ffc8276e27f3?utm_source=AnnouncementTG&utm_medium=GlobalCommunity&utm_campaign=AnnouncementBot']
提取到的链接： ['https://www.binance.com/en/support/announcement/detail/45ef8e4a91194d999a561addc8b294b7?utm_source=AnnouncementTG&utm_medium=GlobalCommunity&utm_campaign=AnnouncementBot']
提取到的链接： ['https://www.binance.com/en/support/announcement/detail/062ade71d2054e979964269723936c6e?utm_source=AnnouncementTG&utm_medium=GlobalCommunity&utm_campaign=AnnouncementBot']
提取到的链接： ['https://www.binance.com/en/support/announcement/detail/bd1c4a494a4545b3805ad80a09608fe9?utm_source=AnnouncementTG&utm_medium=GlobalCommunity&utm_campaign=AnnouncementBot']
提取到的链接： ['**Can’t come to Dubai for Binance Blockchain Week? Join us live on Binance Square! \n\nSet a reminder and subscribe to our livestreams. We will be giving away 10 BNB live during the even', 'https://www.binance.com/square/audio?id=32812202883657', ' -  [Main Stage ', 'https://www.binance.com/square/audio?id=32639392898329', 'binance.com/square/audio?id=32812', 'https://www.binance.com/square/audio?id=32812213876354', 'Blockchain 100 A', 'https://www.binance.com/square/audio?id=32944434973097', 's://www.binance.com/square/audio?id=32639392898329)\n\nDec 4, 2025:\n\n', 'https://www.binanceblockchainweek.com/event/f9827cbe-16f8-478a-bc06-f4e8b783ae54/agenda', '://w']
提取到的链接： ['https://www.binance.com/en/support/announcement/detail/1836f3db22cd4bf696c0efef21f791d3?utm_source=AnnouncementTG&utm_medium=GlobalCommunity&utm_campaign=AnnouncementBot']
提取到的链接： ['https://www.binance.com/en/support/announcement/detail/6f4c5397413f47bb832a79ee54423eb7?utm_source=AnnouncementTG&utm_medium=GlobalCommunity&utm_campaign=AnnouncementBot', 'https://www.binance.com/en/support/announcement/detail/6f4c5397413f47bb832a79ee54423eb7?utm_source=AnnouncementTG&utm_medium=GlobalCommunity&utm_campaign=AnnouncementBot']
提取到的链接： ['https://www.binance.com/en/support/announcement/detail/6f4c5397413f47bb832a79ee54423eb7?utm_source=AnnouncementTG&utm_medium=GlobalCommunity&utm_campaign=AnnouncementBot']
提取到的链接： []
提取到的链接： ['https://www.binance.com/en/support/announcement/detail/f958d031b39f46b1ab3947b1d53fa736?utm_source=AnnouncementTG&utm_medium=GlobalCommunity&utm_campaign=AnnouncementBot']
提取到的链接： ['https://www.binance.com/en/support/announcement/detail/4b8a736abf7c4bdba7fc39bf3bd02813?utm_source=AnnouncementTG&utm_medium=GlobalCommunity&utm_campaign=AnnouncementBot']
提取到的链接： ['https://www.binance.com/en/support/announcement/detail/4affff5c0b67492d8a9167df634b7e98?utm_source=AnnouncementTG&utm_medium=GlobalCommunity&utm_campaign=AnnouncementBot']
提取到的链接： ['https://www.binance.com/en/support/announcement/detail/665d28422a614825a754481f6e57eb4b?utm_source=AnnouncementTG&utm_medium=GlobalCommunity&utm_campaign=AnnouncementBot']
提取到的链接： ['https://www.binance.com/en/support/announcement/detail/9430eb0ddbc74c21959330f532a8a760?utm_source=AnnouncementTG&utm_medium=GlobalCommunity&utm_campaign=AnnouncementBot']
提取到的链接： ['https://www.binance.com/en/support/announcement/detail/812a04fb68614da89d8243ba873a59a8?utm_source=AnnouncementTG&utm_medium=GlobalCommunity&utm_campaign=AnnouncementBot']
提取到的链接： ['https://www.binance.com/en/support/announcement/detail/c5256c18ecdf47759eacc60b124760d5?utm_source=AnnouncementTG&utm_medium=GlobalCommunity&utm_campaign=AnnouncementBot']
提取到的链接： ['https://www.binance.com/en/support/announcement/detail/ea7f5384365f4e53a87267deac4a8442?utm_source=AnnouncementTG&utm_medium=GlobalCommunity&utm_campaign=AnnouncementBot']
提取到的链接： ['https://www.binance.com/square/audio?id=32944434973097z?utm_source=AnnouncementTG&utm_medium=GlobalCommunity&utm_campaign=AnnouncementBot']
提取到的链接： ['https://www.binance.com/en/support/announcement/detail/d19e83c9d52f4cce96b01d0c87865168?utm_source=AnnouncementTG&utm_medium=GlobalCommunity&utm_campaign=AnnouncementBot']
提取到的链接： ['https://www.binance.com/en/support/announcement/detail/a921e8f4249b4285ab9745f8e16ce7ef?utm_source=AnnouncementTG&utm_medium=GlobalCommunity&utm_campaign=AnnouncementBot']
提取到的链接： ['https://www.binance.com/en/support/announcement/detail/d480cdb1e19d488e8636e693f2905a2d?utm_source=AnnouncementTG&utm_medium=GlobalCommunity&utm_campaign=AnnouncementBot']
提取到的链接： ['https://www.binance.com/en/support/announcement/detail/885a8e0093304ce8a967717976fa7e11?utm_source=AnnouncementTG&utm_medium=GlobalCommunity&utm_campaign=AnnouncementBot']
提取到的链接： ['https://www.binance.com/en/support/announcement/detail/a17a7fb5a2ed45f7925d4d6ca4766568?utm_source=AnnouncementTG&utm_medium=GlobalCommunity&utm_campaign=AnnouncementBot']
提取到的链接： ['** 30', 'tg://search_hashtag?hashtag=OneUnstoppableCommunity']
提取到的链接： ['https://www.binance.com/en/support/announcement/detail/f4f57a010f074dae9d34718635aba926?utm_source=AnnouncementTG&utm_medium=GlobalCommunity&utm_campaign=AnnouncementBot']
提取到的链接： ['https://www.binance.com/en/support/announcement/detail/eb8fa2189f3c4df3a4c39360020b49c2?utm_source=AnnouncementTG&utm_medium=GlobalCommunity&utm_campaign=AnnouncementBot']
提取到的链接： ['#OneUnstoppableCommunity', 'https://www.binance.com/en/support/announcement/detail/7c45d03564054b60b8230493da4b7589?utm_source=AnnouncementTG&utm_medium=GlobalCommunity&utm_campaign=AnnouncementBot']
提取到的链接： ['https://www.binance.com/en/support/announcement/detail/dbe3b64771b8404c8e4a5d8d1c2d912f?utm_source=AnnouncementTG&utm_medium=GlobalCommunity&utm_campaign=AnnouncementBot']
提取到的链接： ['#2025withBinance', 'https://www.binance.com/en/support/announcement/detail/88232660d64b4aa59185c79711a86596?ref=UE06QWNK&utm_source=EnglishTelegram&utm_medium=GlobalCommunity&utm_campaign=InfoBot']
提取到的链接： ['https://www.binance.com/en/support/announcement/detail/4c79639f9d264dbfaa82f6b291d2e52a?ref=UE06QWNK&utm_source=EnglishTelegram&utm_medium=GlobalCommunity&utm_campaign=InfoBot']
提取到的链接： ['**Notice on New Trading Pairs & Trading Bots Services on Binance Spot and Update to B-Token Collateral - 2025-12-1', 'https://www.binance.com/en/support/announcement/detail/ca5e0dbf84dd4f929ca6a309daeff1b3?ref=UE06QWNK&utm_source=EnglishTelegram&utm_medium=GlobalCommunity&utm_campaign=InfoBot']
提取到的链接： ['**[New announcement] Binance Earn Yield Arena: Earn Up to 29% APR With This Week’s New Limited-Time Offers! (2025-12-1', 'https://www.binance.com/en/support/announcement/detail/4cfc92b4cdcd4c2abf2c39ba0f4c2e3a?ref=UE06QWNK&utm_source=EnglishTelegram&utm_medium=GlobalCommunity&utm_campaign=InfoBot']
提取到的链接： ['**[New announcement] Introducing Binance Alpha 2.0 Limit Order Liquidity Providers Program Boost', 'https://www.binance.com/en/support/announcement/detail/2703ad9b021d4b03904d2c9dc469e072?ref=UE06QWNK&utm_source=EnglishTelegram&utm_medium=GlobalCommunity&utm_campaign=InfoBot']
提取到的链接： ['**[New announcement] Join the Spot Altcoin Trading Festival: Grab a Share of the 4,270,000 XPL Token Voucher Prize Pool', 'https://www.binance.com/en/support/announcement/detail/54181809083045e7ba2f9b80e4dfdcb4?ref=UE06QWNK&utm_source=EnglishTelegram&utm_medium=GlobalCommunity&utm_campaign=InfoBot']Unhandled exception on handler
Traceback (most recent call last):
  File "/usr/local/python3/lib/python3.8/site-packages/telethon/client/updates.py", line 570, in _dispatch_update
    await callback(event)
  File "binance_announce_channel.py", line 81, in handler
    if clean_url:
NameError: name 'clean_url' is not defined
Unhandled exception on handler
Traceback (most recent call last):
  File "/usr/local/python3/lib/python3.8/site-packages/telethon/client/updates.py", line 570, in _dispatch_update
    await callback(event)
  File "binance_announce_channel.py", line 81, in handler
    if clean_url:
NameError: name 'clean_url' is not defined
Unhandled exception on handler
Traceback (most recent call last):
  File "/usr/local/python3/lib/python3.8/site-packages/telethon/client/updates.py", line 570, in _dispatch_update
    await callback(event)
  File "binance_announce_channel.py", line 81, in handler
    if clean_url:
NameError: name 'clean_url' is not defined
Unhandled exception on handler
Traceback (most recent call last):
  File "/usr/local/python3/lib/python3.8/site-packages/telethon/client/updates.py", line 570, in _dispatch_update
    await callback(event)
  File "binance_announce_channel.py", line 81, in handler
    if clean_url:
NameError: name 'clean_url' is not defined
Unhandled exception on handler
Traceback (most recent call last):
  File "/usr/local/python3/lib/python3.8/site-packages/telethon/client/updates.py", line 570, in _dispatch_update
    await callback(event)
  File "binance_announce_channel.py", line 81, in handler
    if clean_url:
NameError: name 'clean_url' is not defined
Unhandled exception on handler
Traceback (most recent call last):
  File "/usr/local/python3/lib/python3.8/site-packages/telethon/client/updates.py", line 570, in _dispatch_update
    await callback(event)
  File "binance_announce_channel.py", line 81, in handler
    if clean_url:
NameError: name 'clean_url' is not defined
Unhandled exception on handler
Traceback (most recent call last):
  File "/usr/local/python3/lib/python3.8/site-packages/telethon/client/updates.py", line 570, in _dispatch_update
    await callback(event)
  File "binance_announce_channel.py", line 81, in handler
    if clean_url:
NameError: name 'clean_url' is not defined
